,CAS,条件,结果
0,100-00-5,高热,氮氧化物
1,100-00-5,高热,氯化物气体
2,100-01-6,受热,氧化氮烟气
3,100-02-7,空气,爆炸性混合物
4,100-02-7,受热,氧化氮烟气
5,100-11-8,受热,有毒的烟气
6,100-12-9,空气,爆炸性混合物
7,100-12-9,高热,腐蚀性烟气
8,100-14-1,受热,氮氧化物
9,100-14-1,受热,氯化物气体
10,100-16-3,氧化剂,爆炸性混合物
11,100-20-9,受热,腐蚀性烟气
12,100-20-9,水,腐蚀性烟气
13,100-25-4,空气,爆炸性混合物
14,100-25-4,氧化剂,爆炸性混合物
15,100-28-7,水,有毒的气体
16,100-28-7,水蒸气,有毒的气体
17,100-37-8,空气,爆炸性混合物
18,100-39-0,空气,爆炸性混合物
19,100-39-0,高热,溴化物气体
20,100-40-3,空气,爆炸性混合物
21,100-41-4,空气,爆炸性混合物
22,100-41-4,空气,爆炸性混合物
23,100-42-5,空气,爆炸性混合物
24,100-42-5,空气,爆炸性混合物
25,100-44-7,空气,爆炸性混合物
26,100-44-7,高热,腐蚀性烟气
27,100-44-7,铜,热量
28,100-44-7,铝,热量
29,100-44-7,镁,热量
30,100-44-7,锌,热量
31,100-44-7,锡,热量
32,100-44-7,铜,氯化氢气体
33,100-44-7,铝,氯化氢气体
34,100-44-7,镁,氯化氢气体
35,100-44-7,锌,氯化氢气体
36,100-44-7,锡,氯化氢气体
37,100-47-0,空气,爆炸性混合物
38,100-50-5,空气,爆炸性混合物
39,100-50-5,热,酸性烟雾
40,100-53-8,空气,爆炸性混合物
41,100-53-8,高热,硫化物烟气
42,100-56-1,高热,高毒烟气
43,100-61-8,空气,爆炸性混合物
44,100-61-8,受热,有毒烟气
45,100-63-0,空气,爆炸性混合物
46,100-63-0,受热,有毒烟气
47,100-66-3,空气,爆炸性混合物
48,100-69-6,受热,有毒气体
49,100-71-0,空气,爆炸性混合物
50,100-73-2,空气,爆炸性混合物
51,100-74-3,空气,爆炸性混合物
52,100-74-3,高温,氮氧化物气体
53,100-97-0,受热,有毒烟气
54,100-97-0,氧化剂,爆炸性混合物
55,100-99-2,水,烷烃气体
56,1002-16-0,空气,爆炸性混合物
57,1002-16-0,受热,氧化氮烟气
58,10022-31-8,还原剂,爆炸性混合物
59,10022-31-8,有机物,爆炸性混合物
60,10022-31-8,易燃物,爆炸性混合物
61,10022-31-8,硫,爆炸性混合物
62,10022-31-8,磷,爆炸性混合物
63,10022-31-8,金属粉末,爆炸性混合物
64,10022-31-8,燃烧,氮氧化物气体
65,10025-68-0,水,亚硒酸
66,10025-68-0,水,硒
67,10025-68-0,水,盐酸
68,10025-78-2,高热,氯化物气体
69,10025-78-2,氧化剂,燃烧
70,10025-78-2,水,腐蚀性烟雾
71,10025-78-2,水蒸气,腐蚀性烟雾
72,10025-87-3,水,热
73,10025-87-3,水,浓烟
74,10025-91-9,受热,腐蚀性烟气
75,10025-91-9,水,腐蚀性烟气
76,10026-03-6,高热,剧毒的气体
77,10026-03-6,水,刺激性的气体
78,10026-03-6,潮湿空气,刺激性的气体
79,10026-04-7,受热,腐蚀性烟气
80,10026-04-7,水,腐蚀性烟气
81,10026-11-6,受热,腐蚀性烟气
82,10026-11-6,水,腐蚀性烟气
83,10026-12-7,水,氯化氢烟雾
84,10026-12-7,水蒸气,氯化氢烟雾
85,1003-03-8,空气,爆炸性混合物
86,10031-13-7,高热,高毒烟气
87,10031-18-2,高热,有毒气体
88,10031-43-3,浓氨水,二硝酸
89,10031-43-3,浓氨水,氨铜络合物
90,10034-81-8,还原剂,爆炸性混合物
91,10034-81-8,有机物,爆炸性混合物
92,10034-81-8,易燃物,爆炸性混合物
93,10034-81-8,硫,爆炸性混合物
94,10034-81-8,磷,爆炸性混合物
95,10034-81-8,金属粉末,爆炸性混合物
96,10034-81-8,受热,氧气
97,10034-85-2,加热,碘烟雾
98,10035-10-6,金属,氢气
99,10035-10-6,空气,爆炸性混合物
100,10035-10-6,氰化物,氰化氢气体
101,10038-98-9,受热,腐蚀性烟气
102,10038-98-9,水,腐蚀性烟气
103,10039-54-0,热,烟雾
104,10042-76-9,高热,高毒烟气
105,10045-94-0,受热,有毒的烟气
106,10099-59-9,可燃物,混合物
107,10099-59-9,高温,氮氧化物气体
108,10099-74-8,还原剂,爆炸性混合物
109,10099-74-8,有机物,爆炸性混合物
110,10099-74-8,易燃物,爆炸性混合物
111,10099-74-8,硫,爆炸性混合物
112,10099-74-8,磷,爆炸性混合物
113,10099-74-8,金属粉末,爆炸性混合物
114,10099-74-8,高热,氮氧化物
115,101-25-7,氧化剂,爆炸性混合物
116,101-37-1,高热,氰化物气体
117,101-37-1,酸,氰化物气体
118,101-37-1,受热,高毒烟雾
119,101-83-7,空气,爆炸性混合物
120,10102-43-9,空气,氧化性的烟雾
121,10102-45-1,还原剂,爆炸性混合物
122,10102-45-1,有机物,爆炸性混合物
123,10102-45-1,易燃物,爆炸性混合物
124,10102-45-1,硫,爆炸性混合物
125,10102-45-1,磷,爆炸性混合物
126,10102-45-1,金属粉末,爆炸性混合物
127,10102-49-5,高热,高毒烟气
128,10103-50-1,高热,高毒烟气
129,10108-64-2,高热,腐蚀性烟气
130,10108-73-3,还原剂,爆炸性混合物
131,10108-73-3,有机物,爆炸性混合物
132,10108-73-3,易燃物,爆炸性混合物
133,10108-73-3,硫,爆炸性混合物
134,10108-73-3,磷,爆炸性混合物
135,10108-73-3,金属粉末,爆炸性混合物
136,10108-73-3,高温,氮氧化物气体
137,10112-91-1,高热,刺激性的烟雾
138,10124-36-4,高热,硫化物烟气
139,10124-37-5,受热,氧气
140,10124-37-5,还原剂,爆炸性混合物
141,10124-37-5,有机物,爆炸性混合物
142,10124-37-5,易燃物,爆炸性混合物
143,10124-37-5,硫,爆炸性混合物
144,10124-37-5,磷,爆炸性混合物
145,10124-37-5,金属粉末,爆炸性混合物
146,10124-37-5,高热,氮氧化物
147,10124-48-8,高热,高毒烟气
148,10124-50-2,酸,三氧化二砷
149,10137-69-6,水,腐蚀性气体
150,10137-69-6,水蒸气,腐蚀性气体
151,10139-58-9,可燃物,混合物
152,10141-05-6,还原剂,爆炸性混合物
153,10141-05-6,有机物,爆炸性混合物
154,10141-05-6,易燃物,爆炸性混合物
155,10141-05-6,硫,爆炸性混合物
156,10141-05-6,磷,爆炸性混合物
157,10141-05-6,金属粉末,爆炸性混合物
158,10141-05-6,未知,氮氧化物
159,102-36-3,高热,高毒烟气
160,102-47-6,高热,腐蚀性烟气
161,102-69-2,空气,爆炸性混合物
162,102-69-2,燃烧,有毒烟气
163,102-70-5,空气,爆炸性混合物
164,102-82-9,空气,爆炸性混合物
165,102-82-9,空气,爆炸性混合物
166,10241-05-1,水,氯化氢气体
167,10265-92-6,受热,氮
168,10265-92-6,受热,磷
169,10265-92-6,受热,氧化物
170,10265-92-6,受热,毒性气体
171,10290-12-7,高热,高毒烟气
172,10294-33-4,受热,腐蚀性气体
173,10294-34-5,潮湿空气,腐蚀性浓厚烟雾
174,103-65-1,空气,爆炸性混合物
175,103-65-1,空气,爆炸性混合物
176,103-69-5,酸,苯胺
177,103-69-5,酸雾,苯胺
178,103-69-5,酸,氮
179,103-69-5,酸雾,氮
180,103-69-5,酸,氧化物气体
181,103-69-5,酸雾,氧化物气体
182,103-71-9,空气,爆炸性混合物
183,103-71-9,空气,爆炸性混合物
184,103-71-9,加热,亚硝酸蒸气
185,103-71-9,水,有毒的气体
186,103-71-9,水蒸气,有毒的气体
187,103-72-0,空气,爆炸性混合物
188,103-72-0,酸,氰化物
189,103-72-0,酸气,氰化物
190,103-72-0,酸,氧化硫烟气
191,103-72-0,酸气,氧化硫烟气
192,103-80-0,高热,腐蚀性烟气
193,103-80-0,水,腐蚀性气体
194,103-80-0,水蒸气,腐蚀性气体
195,103-83-3,空气,爆炸性混合物
196,103-84-4,受热,有毒气体
197,10311-84-9,高热,高毒烟气
198,10325-94-7,还原剂,爆炸性混合物
199,10325-94-7,有机物,爆炸性混合物
200,10325-94-7,易燃物,爆炸性混合物
201,10325-94-7,硫,爆炸性混合物
202,10325-94-7,磷,爆炸性混合物
203,10325-94-7,金属粉末,爆炸性混合物
204,10325-94-7,高温,氮氧化物气体
205,10326-21-3,还原剂,爆炸性混合物
206,10326-21-3,有机物,爆炸性混合物
207,10326-21-3,易燃物,爆炸性混合物
208,10326-21-3,硫,爆炸性混合物
209,10326-21-3,磷,爆炸性混合物
210,10326-21-3,金属粉末,爆炸性混合物
211,10326-24-6,高热,高毒烟气
212,10361-44-1,还原剂,爆炸性混合物
213,10361-44-1,有机物,爆炸性混合物
214,10361-44-1,易燃物,爆炸性混合物
215,10361-44-1,硫,爆炸性混合物
216,10361-44-1,磷,爆炸性混合物
217,10361-44-1,金属粉末,爆炸性混合物
218,10361-95-2,加热,爆炸
219,10361-95-2,铵盐,爆炸性混合物
220,10361-95-2,可燃物,爆炸性混合物
221,10361-95-2,还原剂,爆炸性混合物
222,10361-95-2,金属粉末,爆炸性混合物
223,10377-60-3,还原剂,爆炸性混合物
224,10377-60-3,有机物,爆炸性混合物
225,10377-60-3,易燃物,爆炸性混合物
226,10377-60-3,硫,爆炸性混合物
227,10377-60-3,磷,爆炸性混合物
228,10377-60-3,金属粉末,爆炸性混合物
229,10377-60-3,高温,氮氧化物气体
230,104-51-8,空气,爆炸性混合物
231,104-75-6,空气,爆炸性混合物
232,104-75-6,空气,爆炸性混合物
233,104-78-9,空气,爆炸性混合物
234,104-83-6,水,腐蚀性气体
235,104-83-6,水蒸气,腐蚀性气体
236,104-90-5,空气,爆炸性混合物
237,104-92-7,空气,爆炸性混合物
238,10421-48-4,可燃物,混合物
239,10421-48-4,高温,氮氧化物气体
240,10450-60-9,受热,氧气
241,105-05-5,空气,爆炸性混合物
242,105-30-6,空气,爆炸性混合物
243,105-36-2,空气,爆炸性混合物
244,105-36-2,高热,溴化物气体
245,105-37-3,空气,爆炸性混合物
246,105-37-3,空气,爆炸性混合物
247,105-39-5,受热,有毒的烟雾
248,105-39-5,酸,有毒的烟雾
249,105-39-5,酸雾,有毒的烟雾
250,105-46-4,空气,爆炸性混合物
251,105-46-4,空气,爆炸性混合物
252,105-54-4,空气,爆炸性混合物
253,105-54-4,空气,爆炸性混合物
254,105-56-6,空气,爆炸性混合物
255,105-56-6,高热,氰化物气体
256,105-56-6,酸,氰化物气体
257,105-56-6,水,有毒和易燃的气体
258,105-56-6,水蒸气,有毒和易燃的气体
259,105-57-7,空气,爆炸性混合物
260,105-58-8,空气,爆炸性混合物
261,105-66-8,空气,爆炸性混合物
262,105-66-8,空气,爆炸性混合物
263,105-68-0,空气,爆炸性混合物
264,105-68-0,空气,爆炸性混合物
265,10545-99-0,水,二氧化硫
266,10545-99-0,潮气,二氧化硫
267,10545-99-0,水,氯化氢气体
268,10545-99-0,潮气,氯化氢气体
269,10567-69-8,受热,碘化物烟气
270,10588-01-9,强酸,氧气
271,10588-01-9,高温,氧气
272,106-31-0,空气,爆炸性混合物
273,106-35-4,空气,爆炸性混合物
274,106-38-7,燃烧,刺激性烟雾
275,106-40-1,受热,有毒的烟气
276,106-41-2,高热,有毒气体
277,106-42-3,空气,爆炸性混合物
278,106-42-3,空气,爆炸性混合物
279,106-43-4,空气,爆炸性混合物
280,106-47-8,燃烧,氮氧化物
281,106-47-8,燃烧,氯化物气体
282,106-48-9,高热,腐蚀性烟气
283,106-50-3,受热,有毒烟气
284,106-51-4,高热,有毒气体
285,106-51-4,加热,毒性气体
286,106-58-1,空气,爆炸性混合物
287,106-63-8,空气,爆炸性混合物
288,106-63-8,空气,爆炸性混合物
289,106-70-7,空气,爆炸性混合物
290,106-70-7,受热,氧化氮烟气
291,106-88-7,空气,爆炸性混合物
292,106-88-7,空气,爆炸性混合物
293,106-88-7,空气,过氧化物
294,106-92-3,空气,爆炸性混合物
295,106-93-4,高热,溴化物气体
296,106-94-5,空气,爆炸性混合物
297,106-94-5,空气,爆炸性混合物
298,106-94-5,高热,溴化物气体
299,106-95-6,空气,爆炸性混合物
300,106-95-6,明火,有毒气体
301,106-95-6,高热,有毒气体
302,106-95-6,氧化剂,有毒气体
303,106-95-6,高热,溴化物气体
304,106-96-7,空气,爆炸性混合物
305,106-96-7,高热,溴化物气体
306,106-97-8,空气,爆炸性混合物
307,106-97-8,空气,爆炸性混合物
308,106-98-9,空气,爆炸性混合物
309,106-98-9,空气,爆炸性混合物
310,106-99-0,空气,爆炸性混合物
311,106-99-0,空气,爆炸性混合物
312,1068-19-5,空气,爆炸性混合物
313,107-00-6,空气,爆炸性混合物
314,107-00-6,空气,爆炸性混合物
315,107-01-7,空气,爆炸性混合物
316,107-01-7,空气,爆炸性混合物
317,107-02-8,空气,爆炸性混合物
318,107-02-8,受热,有毒蒸气
319,107-02-8,空气,过氧化物
320,107-03-9,空气,爆炸性混合物
321,107-03-9,强酸,有毒气体
322,107-05-1,空气,爆炸性混合物
323,107-06-2,空气,爆炸性混合物
324,107-06-2,空气,爆炸性混合物
325,107-06-2,高热,腐蚀性烟气
326,107-06-2,明火,有毒气体
327,107-06-2,高热,有毒气体
328,107-07-3,空气,爆炸性混合物
329,107-07-3,高热,剧毒的光气
330,107-07-3,水,腐蚀性气体
331,107-07-3,水蒸气,腐蚀性气体
332,107-08-4,空气,爆炸性混合物
333,107-08-4,空气,爆炸性混合物
334,107-08-4,明火,有毒气体
335,107-08-4,高热,有毒气体
336,107-08-4,氧化剂,有毒气体
337,107-10-8,空气,爆炸性混合物
338,107-11-9,空气,爆炸性混合物
339,107-11-9,燃烧,氰化氢气体
340,107-12-0,空气,爆炸性混合物
341,107-12-0,空气,爆炸性混合物
342,107-13-1,空气,爆炸性混合物
343,107-13-1,空气,爆炸性混合物
344,107-13-1,明火,有毒气体
345,107-13-1,高热,有毒气体
346,107-14-2,空气,爆炸性混合物
347,107-14-2,受热,有毒蒸气
348,107-14-2,水,可燃性气体
349,107-14-2,水蒸气,可燃性气体
350,107-14-2,酸,可燃性气体
351,107-14-2,酸气,可燃性气体
352,107-15-3,空气,爆炸性混合物
353,107-19-7,空气,爆炸性混合物
354,107-19-7,受热,辛辣的烟气
355,107-25-5,空气,爆炸性混合物
356,107-27-7,高热,有毒气体
357,107-27-7,光,有毒气体
358,107-30-2,空气,爆炸性混合物
359,107-30-2,潮气,甲醛气体
360,107-30-2,水,甲醛气体
361,107-31-3,空气,爆炸性混合物
362,107-37-9,空气,爆炸性混合物
363,107-37-9,水,氯化氢气体
364,107-45-9,空气,爆炸性混合物
365,107-46-0,空气,爆炸性混合物
366,107-59-5,空气,爆炸性混合物
367,107-70-0,空气,爆炸性混合物
368,107-71-1,空气,爆炸性混合物
369,107-72-2,燃烧,有毒烟气
370,107-72-2,水,氯化氢烟雾
371,107-72-2,水蒸气,氯化氢烟雾
372,107-81-3,空气,爆炸性混合物
373,107-82-4,空气,爆炸性混合物
374,107-83-5,空气,爆炸性混合物
375,107-84-6,空气,爆炸性混合物
376,107-84-6,空气,爆炸性混合物
377,107-84-6,受热,有毒的烟气
378,107-85-7,空气,爆炸性混合物
379,107-87-9,空气,爆炸性混合物
380,107-87-9,空气,爆炸性混合物
381,107-89-1,受热,巴豆醛气体
382,107-92-6,空气,爆炸性混合物
383,107-94-8,明火,有毒气体
384,107-94-8,高热,有毒气体
385,107-94-8,氧化剂,有毒气体
386,108-01-0,空气,爆炸性混合物
387,108-03-2,空气,爆炸性混合物
388,108-03-2,空气,爆炸性混合物
389,108-03-2,燃烧,氮氧化物气体
390,108-05-4,空气,爆炸性混合物
391,108-05-4,空气,爆炸性混合物
392,108-05-4,受热,聚合
393,108-05-4,光,聚合
394,108-05-4,过氧化物,聚合
395,108-05-4,抑制剂,聚合
396,108-08-7,空气,爆炸性混合物
397,108-08-7,空气,爆炸性混合物
398,108-09-8,空气,爆炸性混合物
399,108-09-8,空气,爆炸性混合物
400,108-10-1,空气,爆炸性混合物
401,108-11-2,空气,爆炸性混合物
402,108-11-2,受热,辛辣的烟气
403,108-12-3,空气,爆炸性混合物
404,108-12-3,水,氯化氢气体
405,108-12-3,高热,高毒烟气
406,108-16-7,空气,爆炸性混合物
407,108-18-9,空气,爆炸性混合物
408,108-18-9,空气,爆炸性混合物
409,108-20-3,空气,爆炸性混合物
410,108-20-3,空气,过氧化物
411,108-21-4,空气,爆炸性混合物
412,108-21-4,空气,爆炸性混合物
413,108-22-5,空气,爆炸性混合物
414,108-23-6,空气,爆炸性混合物
415,108-23-6,空气,爆炸性混合物
416,108-23-6,受热,剧毒的光气
417,108-23-6,水,腐蚀性气体
418,108-23-6,水蒸气,腐蚀性气体
419,108-24-7,空气,爆炸性混合物
420,108-24-7,空气,爆炸性混合物
421,108-38-3,空气,爆炸性混合物
422,108-38-3,空气,爆炸性混合物
423,108-39-4,空气,爆炸性混合物
424,108-40-7,空气,爆炸性混合物
425,108-40-7,明火,有毒气体
426,108-40-7,高热,有毒气体
427,108-40-7,氧化剂,有毒气体
428,108-41-8,空气,爆炸性混合物
429,108-41-8,加热,氯化氢气体
430,108-41-8,水,氯化氢气体
431,108-42-9,空气,爆炸性混合物
432,108-42-9,高热,有毒气体
433,108-43-0,高热,腐蚀性烟气
434,108-44-1,空气,爆炸性混合物
435,108-45-2,燃烧,有毒烟气
436,108-47-4,空气,爆炸性混合物
437,108-47-4,空气,爆炸性混合物
438,108-47-4,受热,氧化氮烟气
439,108-48-5,空气,爆炸性混合物
440,108-48-5,受热,有毒烟气
441,108-64-5,空气,爆炸性混合物
442,108-67-8,空气,爆炸性混合物
443,108-70-3,受热,光气
444,108-70-3,受热,氯化氢气体
445,108-83-8,空气,爆炸性混合物
446,108-84-9,空气,爆炸性混合物
447,108-86-1,空气,爆炸性混合物
448,108-87-2,空气,爆炸性混合物
449,108-87-2,空气,爆炸性混合物
450,108-88-3,空气,爆炸性混合物
451,108-88-3,空气,爆炸性混合物
452,108-90-7,空气,爆炸性混合物
453,108-90-7,空气,爆炸性混合物
454,108-91-8,空气,爆炸性混合物
455,108-91-8,受热,有毒的烟雾
456,108-94-1,空气,爆炸性混合物
457,108-98-5,空气,爆炸性混合物
458,108-98-5,空气,爆炸性混合物
459,108-98-5,高热,硫化物烟气
460,108-99-6,空气,爆炸性混合物
461,108-99-6,受热,有毒烟气
462,109-02-4,空气,爆炸性混合物
463,109-02-4,受热,氧化氮烟气
464,109-05-7,空气,爆炸性混合物
465,109-05-7,受热,有毒烟气
466,109-06-8,空气,爆炸性混合物
467,109-06-8,受热,有毒烟气
468,109-09-1,高热,氮氧化物
469,109-09-1,高热,氯化物气体
470,109-21-7,空气,爆炸性混合物
471,109-49-9,空气,爆炸性混合物
472,109-53-5,空气,爆炸性混合物
473,109-55-7,空气,爆炸性混合物
474,109-59-1,空气,爆炸性混合物
475,109-60-4,空气,爆炸性混合物
476,109-60-4,空气,爆炸性混合物
477,109-61-5,空气,爆炸性混合物
478,109-61-5,水,白色氯化氢烟雾
479,109-61-5,受热,白色氯化氢烟雾
480,109-65-9,空气,爆炸性混合物
481,109-65-9,明火,有毒气体
482,109-65-9,高热,有毒气体
483,109-65-9,高热,溴化物气体
484,109-66-0,空气,爆炸性混合物
485,109-67-1,空气,爆炸性混合物
486,109-67-1,流动,静电
487,109-67-1,搅拌,静电
488,109-68-2,空气,爆炸性混合物
489,109-69-3,空气,爆炸性混合物
490,109-69-3,空气,爆炸性混合物
491,109-69-3,高热,腐蚀性烟气
492,109-70-6,酸,有毒气体
493,109-70-6,酸气,有毒气体
494,109-73-9,空气,爆炸性混合物
495,109-73-9,空气,爆炸性混合物
496,109-74-0,空气,爆炸性混合物
497,109-75-1,酸,氮氧化物
498,109-75-1,酸雾,氮氧化物
499,109-75-1,酸,氰化物
500,109-75-1,酸雾,氰化物
501,109-76-2,空气,爆炸性混合物
502,109-76-2,空气,爆炸性混合物
503,109-76-2,受热,有毒烟气
504,109-79-5,空气,爆炸性混合物
505,109-79-5,受热,有毒的烟雾
506,109-79-5,酸,有毒的烟雾
507,109-79-5,酸雾,有毒的烟雾
508,109-86-4,空气,爆炸性混合物
509,109-86-4,空气,爆炸性混合物
510,109-87-5,空气,爆炸性混合物
511,109-89-7,空气,爆炸性混合物
512,109-90-0,空气,爆炸性混合物
513,109-92-2,空气,爆炸性混合物
514,109-92-2,空气,过氧化物
515,109-93-3,空气,爆炸性混合物
516,109-93-3,空气,过氧化物
517,109-94-4,空气,爆炸性混合物
518,109-95-5,空气,爆炸性混合物
519,109-97-7,空气,爆炸性混合物
520,109-97-7,高温,氮氧化物气体
521,109-99-9,空气,爆炸性混合物
522,110-00-9,空气,爆炸性混合物
523,110-00-9,空气,过氧化物
524,110-01-0,空气,爆炸性混合物
525,110-02-1,空气,爆炸性混合物
526,110-02-1,高热,硫化物烟气
527,110-05-4,空气,爆炸性混合物
528,110-12-3,空气,爆炸性混合物
529,110-18-9,空气,爆炸性混合物
530,110-19-0,空气,爆炸性混合物
531,110-19-0,空气,爆炸性混合物
532,110-19-0,强氧化剂,燃烧
533,110-43-0,空气,爆炸性混合物
534,110-45-2,空气,爆炸性混合物
535,110-45-2,空气,爆炸性混合物
536,110-46-3,空气,爆炸性混合物
537,110-46-3,高热,有毒气体
538,110-46-3,明火,有毒气体
539,110-46-3,受热,氧化氮烟气
540,110-49-6,空气,爆炸性混合物
541,110-53-2,空气,爆炸性混合物
542,110-53-2,空气,爆炸性混合物
543,110-53-2,高热,溴化物气体
544,110-54-3,空气,爆炸性混合物
545,110-56-5,空气,爆炸性混合物
546,110-56-5,受热,剧毒的光气
547,110-58-7,空气,爆炸性混合物
548,110-59-8,空气,爆炸性混合物
549,110-59-8,高热,氰化物气体
550,110-59-8,酸,氰化物气体
551,110-60-1,空气,爆炸性混合物
552,110-60-1,空气,爆炸性混合物
553,110-61-2,高热,氰化物气体
554,110-61-2,酸,氰化物气体
555,110-62-3,空气,爆炸性混合物
556,110-66-7,空气,爆炸性混合物
557,110-66-7,受热,硫氧化物气体
558,110-66-7,酸,硫氧化物气体
559,110-68-9,空气,爆炸性混合物
560,110-69-0,空气,爆炸性混合物
561,110-69-0,空气,爆炸性混合物
562,110-71-4,空气,爆炸性混合物
563,110-74-7,空气,爆炸性混合物
564,110-74-7,空气,爆炸性混合物
565,110-75-8,空气,爆炸性混合物
566,110-75-8,高热,氯化物气体
567,110-78-1,空气,爆炸性混合物
568,110-80-5,空气,爆炸性混合物
569,110-82-7,空气,爆炸性混合物
570,110-83-8,空气,爆炸性混合物
571,110-85-0,受热,有毒气体
572,110-86-1,空气,爆炸性混合物
573,110-86-1,高温,氮氧化物气体
574,110-89-4,空气,爆炸性混合物
575,110-89-4,明火,有毒气体
576,110-89-4,燃烧,有毒气体
577,110-89-4,受热,有毒烟气
578,110-91-8,空气,爆炸性混合物
579,110-91-8,空气,爆炸性混合物
580,110-91-8,受热,有毒烟气
581,110-96-3,空气,爆炸性混合物
582,110-96-3,受热,有毒烟气
583,111-15-9,空气,爆炸性混合物
584,111-25-1,空气,爆炸性混合物
585,111-26-2,空气,爆炸性混合物
586,111-31-9,空气,爆炸性混合物
587,111-31-9,酸,有毒气体
588,111-31-9,酸气,有毒气体
589,111-34-2,空气,爆炸性混合物
590,111-36-4,空气,爆炸性混合物
591,111-42-2,受热,氧化氮烟气
592,111-43-3,空气,爆炸性混合物
593,111-43-3,空气,过氧化物
594,111-44-4,空气,爆炸性混合物
595,111-44-4,受热,腐蚀性烟气
596,111-44-4,水,腐蚀性烟气
597,111-44-4,燃烧,氯化物烟气
598,111-47-7,空气,爆炸性混合物
599,111-47-7,高热,硫化物烟气
600,111-49-9,空气,爆炸性混合物
601,111-49-9,空气,爆炸性混合物
602,111-50-2,水,腐蚀性气体
603,111-50-2,水蒸气,腐蚀性气体
604,111-50-2,高热,高毒烟气
605,111-64-8,水,腐蚀性气体
606,111-64-8,水蒸气,腐蚀性气体
607,111-64-8,受热,高毒烟雾
608,111-65-9,空气,爆炸性混合物
609,111-65-9,空气,爆炸性混合物
610,111-66-0,空气,爆炸性混合物
611,111-66-0,空气,爆炸性混合物
612,111-67-1,空气,爆炸性混合物
613,111-67-1,空气,爆炸性混合物
614,111-68-2,空气,爆炸性混合物
615,111-69-3,空气,爆炸性混合物
616,111-69-3,高热,剧毒的气体
617,111-71-7,空气,爆炸性混合物
618,111-76-2,空气,过氧化物
619,111-76-2,阳光,过氧化物
620,111-78-4,空气,爆炸性混合物
621,111-88-6,高热,硫化物烟气
622,111-92-2,空气,爆炸性混合物
623,111-94-4,高热,高毒烟气
624,1118-14-5,加热,毒性气体
625,112-04-9,水,氯化氢气体
626,112-04-9,高热,腐蚀性烟气
627,112-16-3,受热,高毒烟雾
628,112-16-3,水,腐蚀性气体
629,112-16-3,水蒸气,腐蚀性气体
630,112-24-3,燃烧,有毒烟气
631,112-55-0,空气,爆炸性混合物
632,112-55-0,高热,硫化物烟气
633,112-57-2,燃烧,有毒烟气
634,112-64-1,水,腐蚀性气体
635,112-64-1,水蒸气,腐蚀性气体
636,112-64-1,受热,高毒烟雾
637,112-76-5,受热,高毒烟雾
638,112-76-5,水,腐蚀性气体
639,112-76-5,水蒸气,腐蚀性气体
640,1126-78-9,受热,高毒烟雾
641,115-07-1,空气,爆炸性混合物
642,115-07-1,空气,爆炸性混合物
643,115-09-3,高热,腐蚀性烟气
644,115-10-6,空气,爆炸性混合物
645,115-10-6,空气,爆炸性混合物
646,115-11-7,空气,爆炸性混合物
647,115-11-7,空气,爆炸性混合物
648,115-17-3,受热,腐蚀性的气体
649,115-19-5,空气,爆炸性混合物
650,115-21-9,空气,爆炸性混合物
651,115-21-9,受热,腐蚀性烟气
652,115-21-9,水,腐蚀性烟气
653,115-26-4,高热,氮
654,115-26-4,高热,磷氧化物
655,115-26-4,高热,氟化物气体
656,115-31-1,受热,有毒的烟气
657,115-80-0,空气,爆炸性混合物
658,116-14-3,空气,爆炸性混合物
659,116-14-3,空气,爆炸性混合物
660,116-54-1,空气,爆炸性混合物
661,116-54-1,受热,剧毒的光气
662,116-54-1,水,腐蚀性气体
663,116-54-1,水蒸气,腐蚀性气体
664,1165-48-6,燃烧,有毒气体
665,118-44-5,酸,有毒气体
666,118-44-5,酸气,有毒气体
667,118-69-4,空气,爆炸性混合物
668,118-69-4,高热,腐蚀性烟气
669,118-74-1,高热,腐蚀性烟气
670,118-96-7,粉碎,静电
671,119-26-6,燃烧,刺激性烟雾
672,119-26-6,氧化剂,爆炸性混合物
673,119-27-7,燃烧,刺激性烟雾
674,119-27-7,氧化剂,爆炸性混合物
675,119-33-5,受热,有毒气体
676,119-90-4,受热,氧化氮烟气
677,120-82-1,空气,爆炸性混合物
678,120-82-1,受热,光气
679,120-82-1,受热,氯化氢气体
680,120-92-3,空气,爆炸性混合物
681,12002-03-8,水,亚砷酸
682,12002-03-8,空气,亚砷酸
683,12002-03-8,二氧化碳,亚砷酸
684,12002-03-8,高热,剧毒的烟雾
685,12002-03-8,酸,剧毒的烟雾
686,12002-03-8,酸雾,剧毒的烟雾
687,12013-55-7,空气,爆炸性混合物
688,12037-82-0,氧化剂,爆炸性混合物
689,12037-82-0,氯酸盐,爆炸性混合物
690,12037-82-0,氯酸盐,爆炸性混合物
691,12037-82-0,硝酸盐,爆炸性混合物
692,12037-82-0,高氯酸盐,爆炸性混合物
693,12037-82-0,高猛酸盐,爆炸性混合物
694,12057-74-8,水,磷化氢气体
695,12057-74-8,潮湿空气,磷化氢气体
696,12057-74-8,酸,磷化氢气体
697,12057-74-8,高热,高毒烟气
698,12058-85-4,水,磷化氢气体
699,12058-85-4,潮湿空气,磷化氢气体
700,12058-85-4,酸,磷化氢气体
701,12058-85-4,高热,高毒烟气
702,121-14-2,氧化剂,爆炸性混合物
703,121-14-2,燃烧,烟雾
704,121-43-7,空气,爆炸性混合物
705,121-43-7,水,有毒和易燃的气体
706,121-43-7,水蒸气,有毒和易燃的气体
707,121-44-8,空气,爆炸性混合物
708,121-44-8,空气,爆炸性混合物
709,121-45-9,空气,爆炸性混合物
710,121-45-9,受热,氧化磷烟气
711,121-45-9,分解,氧化磷烟气
712,121-46-0,空气,爆炸性混合物
713,121-51-7,水,氯化氢气体
714,121-57-3,受热,氮
715,121-57-3,受热,硫
716,121-57-3,受热,氧化物
717,121-57-3,受热,毒性气体
718,121-69-7,空气,爆炸性混合物
719,121-69-7,空气,爆炸性混合物
720,121-69-7,受热,有毒烟气
721,121-73-3,高热,氮氧化物
722,121-73-3,高热,氯化物气体
723,121-75-5,空气,爆炸性混合物
724,121-75-5,受热,磷
725,121-75-5,受热,硫
726,121-75-5,受热,氧化物
727,121-75-5,受热,毒性气体
728,121-87-9,受热,有毒气体
729,121-90-4,高热,高毒烟气
730,12125-01-8,酸,氟化氢气体
731,12125-01-8,碱,氨
732,12125-01-8,高热,腐蚀性烟气
733,12136-45-7,受热,热量
734,12136-45-7,潮气,热量
735,12136-45-7,酸类,热量
736,12136-45-7,受热,氢气
737,12136-45-7,潮气,氢气
738,12136-45-7,酸类,氢气
739,12136-45-7,湿气,氢氧化物
740,12136-45-7,水,氢氧化物
741,12165-69-4,潮湿空气,易燃的气体
742,12165-69-4,氧化剂,爆炸性混合物
743,12165-69-4,氯酸盐,爆炸性混合物
744,12165-69-4,氯酸盐,爆炸性混合物
745,12165-69-4,硝酸盐,爆炸性混合物
746,12165-69-4,高氯酸盐,爆炸性混合物
747,12165-69-4,高猛酸盐,爆炸性混合物
748,122-01-0,吸潮,腐蚀性烟雾
749,122-01-0,水,腐蚀性烟雾
750,122-01-0,高热,腐蚀性烟气
751,122-04-3,受热,氮氧化物
752,122-04-3,受热,氯化物气体
753,122-04-3,水,苯甲酸
754,122-04-3,水蒸气,苯甲酸
755,122-04-3,水,盐酸
756,122-04-3,水蒸气,盐酸
757,122-04-3,水,刺激性蒸气
758,122-04-3,水蒸气,刺激性蒸气
759,122-51-0,空气,爆炸性混合物
760,122-51-0,空气,爆炸性混合物
761,122-52-1,空气,爆炸性混合物
762,122-52-1,受热,氧化磷烟气
763,122-52-1,分解,氧化磷烟气
764,122-60-1,高热,爆炸
765,122-66-7,受热,有毒烟气
766,123-05-7,空气,爆炸性混合物
767,123-15-9,空气,爆炸性混合物
768,123-19-3,空气,爆炸性混合物
769,123-20-6,空气,爆炸性混合物
770,123-30-8,受热,氧化氮烟气
771,123-38-6,空气,爆炸性混合物
772,123-38-6,空气,爆炸性混合物
773,123-42-2,空气,爆炸性混合物
774,123-51-3,空气,爆炸性混合物
775,123-51-3,空气,爆炸性混合物
776,123-54-6,空气,爆炸性混合物
777,123-62-6,空气,爆炸性混合物
778,123-62-6,空气,爆炸性混合物
779,123-63-7,空气,爆炸性混合物
780,123-66-0,空气,爆炸性混合物
781,123-66-0,受热,腐蚀性烟雾
782,123-72-8,空气,爆炸性混合物
783,123-75-1,空气,爆炸性混合物
784,123-75-1,高温,氮氧化物气体
785,123-86-4,空气,爆炸性混合物
786,123-86-4,空气,爆炸性混合物
787,123-88-6,高热,剧毒的蒸气
788,123-88-6,明火,剧毒的蒸气
789,123-91-1,空气,爆炸性混合物
790,123-91-1,空气,爆炸性混合物
791,123-92-2,空气,爆炸性混合物
792,123-92-2,空气,爆炸性混合物
793,124-02-7,空气,爆炸性混合物
794,124-09-4,加热,有毒气体
795,124-11-8,空气,爆炸性混合物
796,124-11-8,空气,爆炸性混合物
797,124-18-5,空气,爆炸性混合物
798,124-18-5,空气,爆炸性混合物
799,124-40-3,空气,爆炸性混合物
800,124-40-3,空气,爆炸性混合物
801,124-41-4,受热,高毒烟雾
802,124-47-0,有机物,爆炸性混合物
803,124-47-0,还原剂,爆炸性混合物
804,124-47-0,硫,爆炸性混合物
805,124-47-0,磷,爆炸性混合物
806,124-63-0,受热,腐蚀性烟气
807,124-63-0,水,腐蚀性烟气
808,12427-38-2,火,刺激性的烟雾
809,12427-38-2,酸,刺激性的烟雾
810,12504-13-1,水,磷化氢气体
811,12504-13-1,潮湿空气,磷化氢气体
812,12504-13-1,酸,磷化氢气体
813,12504-13-1,高热,高毒烟气
814,126-72-7,高热,高毒烟气
815,126-98-7,空气,爆炸性混合物
816,126-99-8,空气,爆炸性混合物
817,126-99-8,高热,氯化物气体
818,126-99-8,强氧化剂,燃烧
819,127-00-4,受热,氯化物气体
820,127-18-4,空气,爆炸性混合物
821,127-18-4,高热,腐蚀性烟气
822,127-91-3,空气,爆炸性混合物
823,127-91-3,空气,爆炸性混合物
824,12788-93-1,受热,有毒的烟气
825,129-79-3,空气,爆炸性混合物
826,1299-86-1,水,甲烷
827,1303-28-2,高热,剧毒的蒸气
828,1303-28-2,明火,剧毒的蒸气
829,1303-39-5,高热,高毒烟气
830,1304-56-9,高热,高毒烟气
831,1306-19-0,氧化剂,敏感的化合物
832,1306-19-0,氯酸盐,敏感的化合物
833,1306-19-0,硝酸盐,敏感的化合物
834,1306-19-0,高氯酸盐,敏感的化合物
835,1306-19-0,高锰酸盐,敏感的化合物
836,1306-23-6,高热,硫化物烟气
837,1306-24-7,受热,硒化氢气体
838,1306-24-7,酸,硒化氢气体
839,131-52-2,高热,刺激性的烟雾
840,131-74-8,未知,氮氧化物气体
841,131-74-8,铜,苦味酸盐
842,131-74-8,铝,苦味酸盐
843,1310-58-3,水,热
844,1310-58-3,水蒸气,热
845,1310-58-3,水,腐蚀性溶液
846,1310-58-3,水蒸气,腐蚀性溶液
847,1310-73-2,潮,氢气
848,1310-73-2,铝,氢气
849,1310-73-2,锌,氢气
850,1310-73-2,锡,氢气
851,1310-73-2,水,热
852,1310-73-2,水蒸气,热
853,1310-73-2,水,腐蚀性溶液
854,1310-73-2,水蒸气,腐蚀性溶液
855,1312-73-8,酸,易燃气体
856,1313-60-6,可燃物,爆炸性混合物
857,1313-60-6,有机物,爆炸性混合物
858,1313-60-6,易氧化物,爆炸性混合物
859,1313-60-6,潮气,氧气
860,1313-60-6,酸类,氧气
861,1313-82-2,酸,易燃气体
862,1313-82-2,空气,爆炸性混合物
863,13138-45-9,还原剂,爆炸性混合物
864,13138-45-9,有机物,爆炸性混合物
865,13138-45-9,易燃物,爆炸性混合物
866,13138-45-9,硫,爆炸性混合物
867,13138-45-9,磷,爆炸性混合物
868,13138-45-9,金属粉末,爆炸性混合物
869,13138-45-9,高温,氮氧化物气体
870,1314-12-1,高热,剧毒的蒸气
871,1314-12-1,明火,剧毒的蒸气
872,1314-80-3,受热,磷
873,1314-80-3,受热,硫
874,1314-80-3,受热,氧化物
875,1314-80-3,受热,毒性气体
876,1314-80-3,燃烧,刺激性烟雾
877,1314-80-3,氧化剂,爆炸性混合物
878,1314-80-3,氯酸盐,爆炸性混合物
879,1314-80-3,硝酸盐,爆炸性混合物
880,1314-80-3,高氯酸盐,爆炸性混合物
881,1314-80-3,高锰酸盐,爆炸性混合物
882,1314-80-3,水,磷酸
883,1314-80-3,潮湿空气,磷酸
884,1314-80-3,水,硫化氢气体
885,1314-80-3,潮湿空气,硫化氢气体
886,1315-09-9,硝酸,硒化氢气体
887,1327-53-3,高热,剧毒的气体
888,133-14-2,受热,爆炸
889,1330-78-5,空气,爆炸性混合物
890,1330-78-5,燃烧,有毒烟气
891,1333-74-0,空气,爆炸性混合物
892,1333-83-1,水,氟化氢气体
893,1333-83-1,燃烧,氯化物气体
894,1333-83-1,受热,氟化物烟气
895,1335-31-5,酸,氰化氢气体
896,1335-31-5,高热,高毒烟气
897,1335-88-2,受热,有毒气体
898,1336-21-6,空气,爆炸性混合物
899,13446-09-8,还原剂,爆炸性混合物
900,13446-09-8,有机物,爆炸性混合物
901,13446-09-8,易燃物,爆炸性混合物
902,13446-09-8,硫,爆炸性混合物
903,13446-09-8,磷,爆炸性混合物
904,13446-09-8,金属粉末,爆炸性混合物
905,13446-09-8,受热,碘化物烟气
906,13446-48-5,燃烧,氯化物气体
907,1345-04-6,空气,爆炸性混合物
908,13451-08-6,水,腐蚀性气体
909,13451-08-6,水蒸气,腐蚀性气体
910,13453-30-0,铵盐,爆炸性混合物
911,13453-30-0,可燃物,爆炸性混合物
912,13453-30-0,还原剂,爆炸性混合物
913,13453-30-0,金属粉末,爆炸性混合物
914,13455-24-8,有机物,爆炸性混合物
915,13455-24-8,还原剂,爆炸性混合物
916,13455-24-8,硫,爆炸性混合物
917,13455-24-8,磷,爆炸性混合物
918,13463-39-3,受热,剧毒的烟雾
919,13463-39-3,酸,剧毒的烟雾
920,13463-39-3,酸雾,剧毒的烟雾
921,13465-95-7,还原剂,爆炸性混合物
922,13465-95-7,有机物,爆炸性混合物
923,13465-95-7,易燃物,爆炸性混合物
924,13465-95-7,硫,爆炸性混合物
925,13465-95-7,磷,爆炸性混合物
926,13465-95-7,金属粉末,爆炸性混合物
927,13465-95-7,受热,氧气
928,13470-01-4,还原剂,爆炸性混合物
929,13470-01-4,有机物,爆炸性混合物
930,13470-01-4,易燃物,爆炸性混合物
931,13470-01-4,硫,爆炸性混合物
932,13470-01-4,磷,爆炸性混合物
933,13470-01-4,金属粉末,爆炸性混合物
934,13470-01-4,受热,碘化物烟气
935,13477-00-4,还原剂,爆炸性混合物
936,13477-00-4,有机物,爆炸性混合物
937,13477-00-4,易燃物,爆炸性混合物
938,13477-00-4,硫,爆炸性混合物
939,13477-00-4,磷,爆炸性混合物
940,13477-00-4,金属粉末,爆炸性混合物
941,13477-36-6,还原剂,爆炸性混合物
942,13477-36-6,有机物,爆炸性混合物
943,13477-36-6,易燃物,爆炸性混合物
944,13477-36-6,硫,爆炸性混合物
945,13477-36-6,磷,爆炸性混合物
946,13477-36-6,金属粉末,爆炸性混合物
947,135-01-3,空气,爆炸性混合物
948,135-88-6,受热,有毒气体
949,135-98-8,空气,爆炸性混合物
950,13548-38-4,高热,高毒烟气
951,13597-99-4,高热,氮氧化物
952,13598-36-2,受热,氧化磷烟气
953,13637-63-3,高热,高毒烟气
954,13637-76-8,还原剂,爆炸性混合物
955,13637-76-8,有机物,爆炸性混合物
956,13637-76-8,易燃物,爆炸性混合物
957,13637-76-8,硫,爆炸性混合物
958,13637-76-8,磷,爆炸性混合物
959,13637-76-8,金属粉末,爆炸性混合物
960,13637-76-8,甲醇,爆炸
961,13682-73-0,高热,剧毒的烟雾
962,13682-73-0,酸,剧毒的烟雾
963,13682-73-0,酸雾,剧毒的烟雾
964,137-26-8,受热,氮
965,137-26-8,受热,硫
966,137-26-8,受热,氧化物
967,137-26-8,受热,毒性气体
968,137-30-4,受热,氮
969,137-30-4,受热,硫
970,137-30-4,受热,氧化物
971,137-30-4,受热,毒性气体
972,137-43-9,空气,爆炸性混合物
973,137-43-9,高热,溴化物气体
974,13718-59-7,高热,高毒烟气
975,13746-89-9,还原剂,爆炸性混合物
976,13746-89-9,有机物,爆炸性混合物
977,13746-89-9,易燃物,爆炸性混合物
978,13746-89-9,硫,爆炸性混合物
979,13746-89-9,磷,爆炸性混合物
980,13746-89-9,金属粉末,爆炸性混合物
981,13746-89-9,高热,氮氧化物
982,13765-03-2,受热,碘化物烟气
983,13770-61-1,可燃物,混合物
984,13779-41-4,高热,腐蚀性烟气
985,13780-03-5,酸,有毒气体
986,13780-03-5,酸气,有毒气体
987,13780-06-8,还原剂,爆炸性混合物
988,13780-06-8,有机物,爆炸性混合物
989,13780-06-8,易燃物,爆炸性混合物
990,13780-06-8,硫,爆炸性混合物
991,13780-06-8,磷,爆炸性混合物
992,13780-06-8,金属粉末,爆炸性混合物
993,13780-06-8,高温,氮氧化物气体
994,138-86-3,空气,爆炸性混合物
995,13814-96-5,高热,高毒烟气
996,13863-41-7,室温,氯
997,13863-41-7,室温,溴
998,13863-41-7,吸潮,腐蚀性烟雾
999,13863-41-7,水,腐蚀性烟雾
1000,139-02-6,酸,有毒气体
1001,13952-84-6,空气,爆炸性混合物
1002,13967-90-3,铵盐,爆炸性混合物
1003,13967-90-3,金属粉末,爆炸性混合物
1004,13967-90-3,可燃物,爆炸性混合物
1005,13967-90-3,易氧化物,爆炸性混合物
1006,140-29-4,空气,爆炸性混合物
1007,140-88-5,空气,爆炸性混合物
1008,140-88-5,空气,爆炸性混合物
1009,1402-38-6,未知,腐蚀性气体
1010,1402-38-6,受热,高毒烟雾
1011,141-32-2,空气,爆炸性混合物
1012,141-32-2,空气,爆炸性混合物
1013,141-57-1,空气,爆炸性混合物
1014,141-57-1,水,腐蚀性气体
1015,141-57-1,水蒸气,腐蚀性气体
1016,141-57-1,高热,腐蚀性烟气
1017,141-57-1,高热,腐蚀性烟气
1018,141-66-2,受热,氮
1019,141-66-2,受热,磷
1020,141-66-2,受热,氧化物
1021,141-66-2,受热,毒性气体
1022,141-75-3,空气,爆炸性混合物
1023,141-75-3,受热,剧毒的光气
1024,141-75-3,水,腐蚀性气体
1025,141-75-3,水蒸汽,腐蚀性气体
1026,141-78-6,空气,爆炸性混合物
1027,141-78-6,空气,爆炸性混合物
1028,141-79-7,空气,爆炸性混合物
1029,141-91-3,空气,爆炸性混合物
1030,141-91-3,高温,氮氧化物气体
1031,141-93-5,空气,爆炸性混合物
1032,141-93-5,强氧化剂,燃烧
1033,142-04-1,高热,腐蚀性烟气
1034,142-04-1,碱类,有毒的苯胺
1035,142-28-9,空气,爆炸性混合物
1036,142-28-9,受热,剧毒的光气
1037,142-29-0,空气,爆炸性混合物
1038,142-59-6,受热,氮
1039,142-59-6,受热,硫
1040,142-59-6,受热,氧化物
1041,142-59-6,受热,毒性气体
1042,142-61-0,水,氯化氢气体
1043,142-61-0,潮气,氯化氢气体
1044,142-68-7,空气,爆炸性混合物
1045,142-82-5,空气,爆炸性混合物
1046,142-82-5,空气,爆炸性混合物
1047,142-84-7,空气,爆炸性混合物
1048,142-92-7,空气,爆炸性混合物
1049,142-96-1,空气,爆炸性混合物
1050,142-96-1,空气,爆炸性混合物
1051,14235-86-0,高热,高毒烟气
1052,14264-31-4,高热,剧毒的烟雾
1053,14264-31-4,酸,剧毒的烟雾
1054,14264-31-4,酸雾,剧毒的烟雾
1055,143-33-9,酸,氰化氢气体
1056,143-33-9,潮湿空气,氰化氢气体
1057,143-33-9,二氧化碳,氰化氢气体
1058,144-49-0,受热,氟化物气体
1059,1445-45-0,空气,爆炸性混合物
1060,14486-19-2,高热,高毒烟气
1061,1450-14-2,空气,爆炸性混合物
1062,14518-94-6,铵盐,爆炸性混合物
1063,14518-94-6,金属粉末,爆炸性混合物
1064,14518-94-6,可燃物,爆炸性混合物
1065,14518-94-6,易氧化物,爆炸性混合物
1066,14519-07-4,铵盐,爆炸性混合物
1067,14519-07-4,金属粉末,爆炸性混合物
1068,14519-07-4,可燃物,爆炸性混合物
1069,14519-07-4,易氧化物,爆炸性混合物
1070,14519-18-7,铵盐,爆炸性混合物
1071,14519-18-7,金属粉末,爆炸性混合物
1072,14519-18-7,可燃物,爆炸性混合物
1073,14519-18-7,易氧化物,爆炸性混合物
1074,147-82-0,分解,氮氧化物
1075,147-82-0,分解,溴化物烟雾
1076,14763-77-0,氯酸盐,爆炸性混合物
1077,14763-77-0,亚硝酸钠,爆炸性混合物
1078,14763-77-0,酸,氰化氢气体
1079,14763-77-0,空气,氰化氢气体
1080,14763-77-0,水分,氰化氢气体
1081,14763-77-0,二氧化碳,氰化氢气体
1082,14763-77-0,高热,高毒烟气
1083,149-73-5,空气,爆炸性混合物
1084,149-74-6,空气,爆炸性混合物
1085,149-74-6,明火,有毒气体
1086,149-74-6,高热,有毒气体
1087,149-74-6,氧化剂,有毒气体
1088,149-74-6,水,氯化氢气体
1089,149-74-6,潮气,氯化氢气体
1090,150-46-9,空气,爆炸性混合物
1091,150-46-9,水,乙醇
1092,150-46-9,水,硼酸
1093,151-50-8,高热,氰化物气体
1094,151-50-8,酸,氰化物气体
1095,151-50-8,酸,氰化氢气体
1096,151-50-8,空气,氰化氢气体
1097,151-50-8,水分,氰化氢气体
1098,151-50-8,二氧化碳,氰化氢气体
1099,151-56-4,空气,爆炸性混合物
1100,15168-20-4,高热,高毒烟气
1101,15180-03-7,燃烧,有毒气体
1102,15180-03-7,酸,剧毒气体
1103,15180-03-7,酸雾,剧毒气体
1104,152-16-9,受热,氮
1105,152-16-9,受热,磷
1106,152-16-9,受热,氧化物
1107,152-16-9,受热,毒性气体
1108,15232-76-5,空气,爆炸性混合物
1109,15232-76-5,空气,爆炸性混合物
1110,15271-41-7,燃烧,有毒气体
1111,1563-66-2,受热,氧化氮烟气
1112,1569-02-4,空气,爆炸性混合物
1113,1569-69-3,空气,爆炸性混合物
1114,15829-53-5,硫,爆炸性混合物
1115,15829-53-5,磷,爆炸性混合物
1116,15829-53-5,高热,高毒烟气
1117,1609-86-5,空气,爆炸性混合物
1118,1609-86-5,受热,高毒烟雾
1119,1615-80-1,空气,爆炸性混合物
1120,1629-58-9,空气,爆炸性混合物
1121,1634-04-4,空气,爆炸性混合物
1122,1634-04-4,空气,爆炸性混合物
1123,1640-89-7,空气,爆炸性混合物
1124,1640-89-7,空气,爆炸性混合物
1125,1656-44-6,燃烧,有毒烟气
1126,1656-48-0,高热,高毒烟气
1127,1663-67-8,空气,爆炸性混合物
1128,16721-80-5,潮湿空气,氢氧化钠
1129,16721-80-5,潮湿空气,硫化钠
1130,16721-80-5,潮湿空气,放热
1131,16721-80-5,潮湿空气,自燃
1132,16752-77-5,受热,氮
1133,16752-77-5,受热,硫
1134,16752-77-5,受热,氧化物
1135,16752-77-5,受热,毒性气体
1136,1678-91-7,空气,爆炸性混合物
1137,1678-91-7,空气,爆炸性混合物
1138,1678-93-9,空气,爆炸性混合物
1139,1679-09-0,空气,爆炸性混合物
1140,1679-09-0,受热,硫氧化物气体
1141,1679-09-0,酸,硫氧化物气体
1142,16853-85-3,加热,氢化锂
1143,16853-85-3,受热,氢气
1144,16853-85-3,湿气,氢气
1145,16853-85-3,水,氢气
1146,16853-85-3,醇类,氢气
1147,16853-85-3,酸类,氢气
1148,16871-71-9,酸,腐蚀性烟气
1149,16871-90-2,酸,腐蚀性烟气
1150,16872-11-0,受热,氟化物气体
1151,1689-84-5,高热,氮
1152,1689-84-5,高热,溴化物烟气
1153,16893-85-9,酸,氟化氢
1154,16893-85-9,酸,四氟化硅气体
1155,16924-00-8,受热,高毒烟雾
1156,1694-92-4,高热,腐蚀性烟气
1157,16940-81-1,水,腐蚀性气体
1158,16940-81-1,水蒸气,腐蚀性气体
1159,16940-81-1,燃烧,氯化物气体
1160,16949-15-8,潮湿空气,氢气
1161,16949-15-8,水,氢气
1162,16949-15-8,氯化氢,氢气
1163,16949-15-8,氯化氢,乙硼烷
1164,16949-15-8,氯化氢,易燃气体
1165,16949-65-8,酸,腐蚀性烟气
1166,16961-83-4,受热,氟化物气体
1167,16962-07-5,水,可燃性气体
1168,16962-07-5,水蒸气,可燃性气体
1169,16962-07-5,酸,可燃性气体
1170,16962-07-5,酸气,可燃性气体
1171,17014-71-0,可燃物,爆炸性混合物
1172,17014-71-0,有机物,爆炸性混合物
1173,17014-71-0,易氧化物,爆炸性混合物
1174,17014-71-0,潮气,氧气
1175,17014-71-0,酸类,氧气
1176,1712-64-7,空气,爆炸性混合物
1177,17125-80-3,酸,氟化氢
1178,17125-80-3,酸,四氟化硅气体
1179,1719-53-5,空气,爆炸性混合物
1180,1719-53-5,吸潮,腐蚀性烟雾
1181,1719-53-5,水,腐蚀性烟雾
1182,1746-01-6,燃烧,有毒气体
1183,17639-93-9,空气,爆炸性混合物
1184,17861-62-0,铵盐,爆炸性混合物
1185,17861-62-0,氰化物,爆炸性混合物
1186,1789-58-8,水,热量
1187,1789-58-8,水蒸气,热量
1188,1789-58-8,水,腐蚀性的烟雾
1189,1789-58-8,水蒸气,腐蚀性的烟雾
1190,1795-48-8,空气,爆炸性混合物
1191,1795-48-8,受热,高毒烟雾
1192,1809-19-4,空气,爆炸性混合物
1193,1809-19-4,受热,氧化磷烟气
1194,1809-19-4,分解,氧化磷烟气
1195,1825-62-3,空气,爆炸性混合物
1196,1838-59-1,空气,爆炸性混合物
1197,18810-58-7,酸,迭氮化氢
1198,18810-58-7,受热,有毒的烟气
1199,1885-14-9,水,白色氯化氢烟雾
1200,1885-14-9,受热,白色氯化氢烟雾
1201,1907-13-7,加热,毒性气体
1202,19287-45-7,空气,爆炸性混合物
1203,1942-45-6,空气,爆炸性混合物
1204,19624-22-7,水,氢气
1205,19624-22-7,水蒸气,氢气
1206,1989-53-3,水,白色烟雾
1207,20063-92-7,空气,爆炸性混合物
1208,20325-40-0,氧化剂,燃烧
1209,2040-95-1,空气,爆炸性混合物
1210,2040-95-1,空气,爆炸性混合物
1211,2045-00-3,高热,剧毒的气体
1212,2050-60-4,空气,爆炸性混合物
1213,2050-60-4,加热,有毒气体
1214,2050-92-2,空气,爆炸性混合物
1215,2050-92-2,空气,爆炸性混合物
1216,2050-92-2,燃烧,有毒气体
1217,2051-78-7,空气,爆炸性混合物
1218,20694-39-7,还原剂,爆炸性混合物
1219,20694-39-7,有机物,爆炸性混合物
1220,20694-39-7,易燃物,爆炸性混合物
1221,20694-39-7,硫,爆炸性混合物
1222,20694-39-7,磷,爆炸性混合物
1223,20694-39-7,金属粉末,爆炸性混合物
1224,20694-39-7,高温,氮氧化物气体
1225,20770-41-6,水,磷化氢气体
1226,20770-41-6,潮湿空气,磷化氢气体
1227,20770-41-6,酸,磷化氢气体
1228,20770-41-6,高热,高毒烟气
1229,20830-75-5,燃烧,有毒气体
1230,2104-64-5,高热,氮
1231,2104-64-5,高热,磷
1232,2104-64-5,高热,硫
1233,2104-64-5,高热,氧化物烟气
1234,21609-90-5,高热,高毒烟气
1235,2198-23-4,空气,爆炸性混合物
1236,22128-62-7,水,腐蚀性气体
1237,22128-62-7,水蒸气,腐蚀性气体
1238,2216-30-0,空气,爆炸性混合物
1239,2235-25-8,燃烧,极毒气体
1240,2315-02-8,燃烧,有毒气体
1241,23414-72-4,有机物,爆炸性混合物
1242,23414-72-4,铵盐,爆炸性混合物
1243,2344-80-1,空气,爆炸性混合物
1244,23745-86-0,高热,高毒烟气
1245,2417-90-5,高热,剧毒的气体
1246,2417-90-5,水,有毒气体
1247,2417-90-5,水蒸气,有毒气体
1248,2417-90-5,酸,有毒气体
1249,2417-90-5,酸雾,有毒气体
1250,24279-91-2,燃烧,有毒气体
1251,24468-13-1,水,腐蚀性气体
1252,24468-13-1,水蒸气,腐蚀性气体
1253,2452-99-5,空气,爆炸性混合物
1254,2452-99-5,空气,爆炸性混合物
1255,24934-91-6,高热,高毒烟气
1256,2516-33-8,空气,爆炸性混合物
1257,2524-03-0,水,有毒烟雾
1258,2524-03-0,醇,有毒烟雾
1259,2524-04-1,水,腐蚀性的烟雾
1260,25324-56-5,水,磷化氢气体
1261,25324-56-5,潮湿空气,磷化氢气体
1262,25324-56-5,酸,磷化氢气体
1263,25324-56-5,高热,高毒烟气
1264,25550-55-4,燃烧,氮氧化物气体
1265,25659-31-8,还原剂,爆炸性混合物
1266,25659-31-8,有机物,爆炸性混合物
1267,25659-31-8,易燃物,爆炸性混合物
1268,25659-31-8,硫,爆炸性混合物
1269,25659-31-8,磷,爆炸性混合物
1270,25659-31-8,金属粉末,爆炸性混合物
1271,25659-31-8,受热,碘化物烟气
1272,2571-22-4,燃烧,有毒气体
1273,26134-62-3,水,有毒和易燃的气体
1274,26134-62-3,水蒸气,有毒和易燃的气体
1275,26506-47-8,铵盐,爆炸性混合物
1276,26506-47-8,可燃物,爆炸性混合物
1277,26506-47-8,还原剂,爆炸性混合物
1278,26506-47-8,金属粉末,爆炸性混合物
1279,26628-22-8,受热,爆炸
1280,26628-22-8,明火,爆炸
1281,26628-22-8,摩擦,爆炸
1282,26628-22-8,震动,爆炸
1283,26628-22-8,撞击,爆炸
1284,26628-22-8,酸,叠氮酸
1285,2699-79-8,水,腐蚀性气体
1286,2699-79-8,水蒸气,腐蚀性气体
1287,271-89-6,空气,爆炸性混合物
1288,27137-85-5,吸潮,腐蚀性烟雾
1289,27137-85-5,水,腐蚀性烟雾
1290,27137-85-5,高热,腐蚀性烟气
1291,27152-57-4,高热,剧毒的蒸气
1292,27152-57-4,明火,剧毒的蒸气
1293,27152-57-4,酸,三氧化二砷
1294,2738-18-3,空气,爆炸性混合物
1295,2782-57-2,含氮化合物,三氯化氮
1296,2782-57-2,氨,三氯化氮
1297,2782-57-2,尿素,三氯化氮
1298,2782-57-2,受热,剧毒的烟气
1299,2782-57-2,遇潮,剧毒的烟气
1300,2809-67-8,空气,爆炸性混合物
1301,2809-67-8,空气,爆炸性混合物
1302,286-20-4,空气,爆炸性混合物
1303,287-92-3,空气,爆炸性混合物
1304,291-64-5,空气,爆炸性混合物
1305,291-64-5,空气,爆炸性混合物
1306,292-64-8,空气,爆炸性混合物
1307,2937-50-0,空气,爆炸性混合物
1308,2937-50-0,高热,高毒烟气
1309,2941-64-2,空气,爆炸性混合物
1310,297-97-2,高热,高毒烟气
1311,298-00-0,受热,磷
1312,298-00-0,受热,硫
1313,298-00-0,受热,氧化物
1314,298-00-0,受热,毒性气体
1315,298-02-2,受热,磷
1316,298-02-2,受热,硫
1317,298-02-2,受热,氧化物
1318,298-02-2,受热,毒性气体
1319,298-04-4,受热,磷
1320,298-04-4,受热,硫
1321,298-04-4,受热,氧化物
1322,298-04-4,受热,毒性气体
1323,3012-37-1,高热,高毒烟气
1324,3017-95-6,酸,有毒气体
1325,3017-95-6,酸气,有毒气体
1326,3018-12-0,空气,爆炸性混合物
1327,3018-12-0,受热,氰化物气体
1328,3018-12-0,水,剧毒的烟雾
1329,3018-12-0,水蒸气,剧毒的烟雾
1330,3018-12-0,酸,剧毒的烟雾
1331,3018-12-0,酸气,剧毒的烟雾
1332,302-01-2,空气,爆炸性混合物
1333,302-01-2,空气,爆炸性混合物
1334,302-01-2,受热,有毒气体
1335,302-27-2,燃烧,有毒气体
1336,303-04-8,受热,氟化物
1337,303-04-8,受热,氯化物气体
1338,3034-19-3,氧化剂,爆炸性混合物
1339,3054-95-3,空气,爆炸性混合物
1340,30685-43-9,燃烧,有毒气体
1341,3087-36-3,空气,爆炸性混合物
1342,3087-36-3,水,有毒和易燃的气体
1343,3087-36-3,水蒸气,有毒和易燃的气体
1344,3087-37-4,空气,爆炸性混合物
1345,3087-37-4,水,有毒和易燃的气体
1346,3087-37-4,水蒸气,有毒和易燃的气体
1347,309-00-2,受热,有毒的烟气
1348,3132-64-7,空气,爆炸性混合物
1349,3132-64-7,高热,溴化物气体
1350,3153-36-4,空气,爆炸性混合物
1351,3153-36-4,燃烧,氯化物气体
1352,3178-22-1,空气,爆炸性混合物
1353,3179-63-3,空气,爆炸性混合物
1354,31876-38-7,燃烧,有毒气体
1355,3188-13-4,空气,爆炸性混合物
1356,3188-13-4,潮气,甲醛气体
1357,3188-13-4,水,甲醛气体
1358,327-98-0,高热,高毒烟气
1359,32749-94-3,空气,爆炸性混合物
1360,3282-30-2,空气,爆炸性混合物
1361,329-01-1,高热,高毒烟气
1362,34018-28-5,可燃物,爆炸性混合物
1363,34018-28-5,有机物,爆炸性混合物
1364,34018-28-5,易氧化物,爆炸性混合物
1365,348-54-9,空气,爆炸性混合物
1366,3497-00-5,水,有毒和易燃的气体
1367,3497-00-5,水蒸气,有毒和易燃的气体
1368,352-32-9,空气,爆炸性混合物
1369,352-33-0,空气,爆炸性混合物
1370,352-70-5,空气,爆炸性混合物
1371,352-93-2,空气,爆炸性混合物
1372,352-93-2,空气,爆炸性混合物
1373,352-93-2,强氧化剂,燃烧
1374,352-93-2,酸,易燃的气体
1375,352-93-2,酸雾,易燃的气体
1376,352-93-2,水,易燃的气体
1377,352-93-2,水蒸气,易燃的气体
1378,3522-94-9,空气,爆炸性混合物
1379,3522-94-9,空气,爆炸性混合物
1380,35223-80-4,空气,爆炸性混合物
1381,35223-80-4,高热,溴化物气体
1382,353-36-6,空气,爆炸性混合物
1383,353-36-6,空气,爆炸性混合物
1384,353-36-6,受热,氟化物气体
1385,353-50-4,水,腐蚀性气体
1386,353-59-3,高热,氟
1387,353-59-3,高热,氯
1388,353-59-3,高热,溴化物
1389,354-32-5,水,腐蚀性气体
1390,354-32-5,水蒸气,腐蚀性气体
1391,35523-89-8,燃烧,有毒气体
1392,367-11-3,空气,爆炸性混合物
1393,3689-24-5,受热,磷
1394,3689-24-5,受热,硫
1395,3689-24-5,受热,氧化物
1396,3689-24-5,受热,毒性气体
1397,371-40-4,空气,爆炸性混合物
1398,3710-30-3,空气,爆炸性混合物
1399,372-09-8,潮,乙氰蒸气
1400,372-09-8,高热,乙氰蒸气
1401,372-18-9,空气,爆炸性混合物
1402,372-19-0,受热,有毒的烟气
1403,37203-43-3,燃烧,有毒气体
1404,375-22-4,水,腐蚀性气体
1405,375-22-4,水蒸气,腐蚀性气体
1406,3811-04-9,常温,氧气
1407,3811-04-9,还原剂,爆炸性混合物
1408,3811-04-9,有机物,爆炸性混合物
1409,3811-04-9,易燃物,爆炸性混合物
1410,3811-04-9,硫,爆炸性混合物
1411,3811-04-9,磷,爆炸性混合物
1412,3811-04-9,金属粉末,爆炸性混合物
1413,383-63-1,空气,爆炸性混合物
1414,383-63-1,高热,高毒烟气
1415,3926-62-3,高热,腐蚀性烟气
1416,3982-91-0,受热,腐蚀性烟气
1417,3982-91-0,水,腐蚀性烟气
1418,4109-96-0,空气,爆炸性混合物
1419,4109-96-0,空气,爆炸性混合物
1420,4109-96-0,水,盐酸烟雾
1421,4109-96-0,水蒸气,盐酸烟雾
1422,4170-30-3,空气,爆炸性混合物
1423,4170-30-3,空气,爆炸性混合物
1424,4170-30-3,空气,过氧化物
1425,420-46-2,空气,爆炸性混合物
1426,420-46-2,空气,爆炸性混合物
1427,420-46-2,受热,氟化物气体
1428,421-50-1,空气,爆炸性混合物
1429,431-03-8,空气,爆炸性混合物
1430,4351-54-6,空气,爆炸性混合物
1431,4435-53-4,空气,爆炸性混合物
1432,4484-72-4,水,氯化氢气体
1433,4484-72-4,高热,腐蚀性烟气
1434,459-72-3,空气,爆炸性混合物
1435,459-72-3,高热,高毒烟气
1436,460-19-5,空气,爆炸性混合物
1437,460-19-5,水,剧毒的烟雾
1438,460-19-5,水蒸气,剧毒的烟雾
1439,460-19-5,酸,剧毒的烟雾
1440,460-19-5,酸气,剧毒的烟雾
1441,462-06-6,空气,爆炸性混合物
1442,462-94-2,空气,爆炸性混合物
1443,462-94-2,受热,有毒烟气
1444,462-95-3,空气,爆炸性混合物
1445,463-04-7,空气,爆炸性混合物
1446,463-04-7,燃烧,有毒烟气
1447,463-49-0,空气,爆炸性混合物
1448,463-49-0,空气,爆炸性混合物
1449,463-58-1,空气,爆炸性混合物
1450,463-58-1,燃烧,二氧化硫气体
1451,463-58-1,水,有毒和易燃的气体
1452,463-58-1,水蒸气,有毒和易燃的气体
1453,463-71-8,酸,腐蚀性烟气
1454,463-82-1,空气,爆炸性混合物
1455,463-82-1,空气,爆炸性混合物
1456,464-06-2,空气,爆炸性混合物
1457,470-82-6,空气,爆炸性混合物
1458,479-45-8,受热,爆炸
1459,479-45-8,明火,爆炸
1460,479-45-8,摩擦,爆炸
1461,479-45-8,震动,爆炸
1462,479-45-8,撞击,爆炸
1463,4795-29-3,空气,爆炸性混合物
1464,4824-78-6,高热,高毒烟气
1465,50-00-0,空气,爆炸性混合物
1466,50-00-0,空气,爆炸性混合物
1467,50-76-0,燃烧,有毒气体
1468,501-53-1,水,腐蚀性气体
1469,501-53-1,水蒸气,腐蚀性气体
1470,502-39-6,燃烧,有毒气体
1471,502-42-1,空气,爆炸性混合物
1472,5026-76-6,空气,爆炸性混合物
1473,5026-76-6,空气,爆炸性混合物
1474,503-17-3,空气,爆炸性混合物
1475,503-38-8,高热,光气
1476,503-38-8,碱类,光气
1477,503-38-8,活性炭,光气
1478,503-38-8,水,腐蚀性气体
1479,503-38-8,水蒸气,腐蚀性气体
1480,504-24-5,受热,氧化氮烟气
1481,504-29-0,受热,有毒气体
1482,504-60-9,空气,爆炸性混合物
1483,504-60-9,空气,爆炸性混合物
1484,506-61-6,酸,氰化氢气体
1485,506-61-6,空气,氰化氢气体
1486,506-61-6,水分,氰化氢气体
1487,506-61-6,二氧化碳,氰化氢气体
1488,506-61-6,高热,高毒烟气
1489,506-64-9,高热,氰化物气体
1490,506-64-9,酸,氰化物气体
1491,506-64-9,酸,氰化氢气体
1492,506-64-9,空气,氰化氢气体
1493,506-64-9,水分,氰化氢气体
1494,506-64-9,二氧化碳,氰化氢气体
1495,506-68-3,水,溴化氢
1496,506-68-3,水蒸气,溴化氢
1497,506-68-3,水,氰化氢气体
1498,506-68-3,水蒸气,氰化氢气体
1499,506-77-4,受热,腐蚀性的气体
1500,506-77-4,分解,腐蚀性的气体
1501,506-77-4,水,氯气
1502,506-77-4,水,氧气
1503,506-78-5,高热,刺激性的烟雾
1504,506-93-4,硝基化合物,混合物
1505,506-93-4,氯酸盐,混合物
1506,506-93-4,高热,氮氧化物
1507,507-02-8,水,腐蚀性的气体
1508,507-02-8,乙醇,腐蚀性的气体
1509,507-09-5,空气,爆炸性混合物
1510,507-09-5,空气,爆炸性混合物
1511,507-09-5,高热,硫化物烟气
1512,507-20-0,空气,爆炸性混合物
1513,507-20-0,高热,氯化物气体
1514,507-60-8,燃烧,有毒气体
1515,509-14-8,可燃物,爆炸性混合物
1516,509-14-8,有机物,爆炸性混合物
1517,509-14-8,易氧化物,爆炸性混合物
1518,51-28-5,燃烧,刺激性烟雾
1519,51-28-5,氧化剂,爆炸性混合物
1520,51-28-5,重金属粉末,金属盐
1521,51-43-4,燃烧,有毒气体
1522,5117-16-8,受热,有毒气体
1523,513-35-9,空气,爆炸性混合物
1524,513-36-0,空气,爆炸性混合物
1525,513-36-0,高热,氯化物气体
1526,513-38-2,空气,爆炸性混合物
1527,513-38-2,明火,有毒气体
1528,513-38-2,高热,有毒气体
1529,513-38-2,氧化剂,有毒气体
1530,513-42-8,空气,爆炸性混合物
1531,513-44-0,空气,爆炸性混合物
1532,513-44-0,酸,有毒气体
1533,513-44-0,酸气,有毒气体
1534,513-44-0,水,腐蚀性气体
1535,513-44-0,水蒸气,腐蚀性气体
1536,513-48-4,空气,爆炸性混合物
1537,513-53-1,空气,爆炸性混合物
1538,513-53-1,酸,有毒气体
1539,513-86-0,空气,爆炸性混合物
1540,519-44-8,重金属粉末,金属盐
1541,519-44-8,氧化剂,爆炸性混合物
1542,52-68-6,受热,氧化磷
1543,52-68-6,受热,氯化物
1544,52-68-6,受热,毒性气体
1545,52315-07-8,高热,高毒烟气
1546,526-73-8,空气,爆炸性混合物
1547,526-73-8,空气,爆炸性混合物
1548,527-69-5,受热,光气
1549,527-69-5,受热,氯化氢气体
1550,527-69-5,水,腐蚀性气体
1551,527-69-5,水蒸气,腐蚀性气体
1552,528-29-0,空气,爆炸性混合物
1553,528-29-0,氧化剂,爆炸性混合物
1554,5292-43-3,空气,爆炸性混合物
1555,5292-43-3,高热,有毒气体
1556,532-27-4,水,腐蚀性气体
1557,532-27-4,水蒸气,腐蚀性气体
1558,5329-14-6,受热,氮
1559,5329-14-6,受热,硫
1560,5329-14-6,受热,氧化物
1561,5329-14-6,受热,毒性气体
1562,534-07-6,燃烧,氯化物气体
1563,534-15-6,空气,爆炸性混合物
1564,534-22-5,空气,爆炸性混合物
1565,535-13-7,空气,爆炸性混合物
1566,535-13-7,受热,有毒气体
1567,536-74-3,空气,爆炸性混合物
1568,536-74-3,空气,爆炸性混合物
1569,536-75-4,空气,爆炸性混合物
1570,536-78-7,空气,爆炸性混合物
1571,539-82-2,空气,爆炸性混合物
1572,540-18-1,空气,爆炸性混合物
1573,540-18-1,空气,爆炸性混合物
1574,540-36-3,空气,爆炸性混合物
1575,540-42-1,空气,爆炸性混合物
1576,540-42-1,空气,爆炸性混合物
1577,540-51-2,空气,爆炸性混合物
1578,540-51-2,高热,有毒气体
1579,540-54-5,空气,爆炸性混合物
1580,540-54-5,高热,氯化物气体
1581,540-59-0,空气,爆炸性混合物
1582,540-59-0,空气,爆炸性混合物
1583,540-59-0,受热,光气
1584,540-59-0,受热,氯化氢气体
1585,540-59-0,铜,氯乙炔
1586,540-67-0,空气,爆炸性混合物
1587,540-67-0,空气,爆炸性混合物
1588,540-73-8,空气,爆炸性混合物
1589,540-73-8,空气,爆炸性混合物
1590,540-73-8,高热,剧毒的气体
1591,540-84-1,空气,爆炸性混合物
1592,540-84-1,空气,爆炸性混合物
1593,540-88-5,空气,爆炸性混合物
1594,540-88-5,空气,爆炸性混合物
1595,5405-53-8,氧化剂,爆炸性混合物
1596,541-31-1,空气,爆炸性混合物
1597,541-31-1,空气,爆炸性混合物
1598,541-31-1,受热,硫氧化物气体
1599,541-31-1,酸,硫氧化物气体
1600,541-31-1,强氧化剂,燃烧
1601,541-41-3,空气,爆炸性混合物
1602,541-41-3,明火,有毒气体
1603,541-41-3,高热,有毒气体
1604,541-41-3,水,腐蚀性气体
1605,541-41-3,水蒸气,腐蚀性气体
1606,541-42-4,空气,爆炸性混合物
1607,541-42-4,明火,有毒气体
1608,541-42-4,高热,有毒气体
1609,541-73-1,空气,爆炸性混合物
1610,541-88-8,高热,腐蚀性烟气
1611,5419-55-6,空气,爆炸性混合物
1612,542-55-2,空气,爆炸性混合物
1613,542-55-2,空气,爆炸性混合物
1614,542-56-3,空气,爆炸性混合物
1615,542-56-3,明火,有毒气体
1616,542-56-3,高热,有毒气体
1617,542-56-3,受热,氧化氮烟气
1618,542-62-1,高热,氰化物气体
1619,542-62-1,酸,氰化物气体
1620,542-62-1,酸,氰化氢气体
1621,542-62-1,空气,氰化氢气体
1622,542-62-1,水分,氰化氢气体
1623,542-62-1,二氧化碳,氰化氢气体
1624,542-69-8,空气,爆炸性混合物
1625,542-69-8,空气,爆炸性混合物
1626,542-69-8,受热,碘化物烟气
1627,542-75-6,空气,爆炸性混合物
1628,542-75-6,空气,爆炸性混合物
1629,542-76-7,空气,爆炸性混合物
1630,542-76-7,高热,有毒气体
1631,542-88-1,空气,爆炸性混合物
1632,542-88-1,水,腐蚀性烟气
1633,542-88-1,受热,腐蚀性烟气
1634,542-90-5,空气,爆炸性混合物
1635,542-90-5,高热,有毒气体
1636,542-92-7,空气,爆炸性混合物
1637,542-92-7,空气,爆炸性混合物
1638,543-20-4,受热,腐蚀性烟气
1639,543-20-4,水,腐蚀性烟气
1640,543-27-1,空气,爆炸性混合物
1641,543-27-1,水,腐蚀性烟气
1642,543-27-1,受热,腐蚀性烟气
1643,543-59-9,空气,爆炸性混合物
1644,543-59-9,高热,氯化物气体
1645,543-67-9,空气,爆炸性混合物
1646,543-67-9,明火,有毒气体
1647,543-67-9,高热,有毒气体
1648,543-67-9,受热,氧化氮烟气
1649,543-81-7,空气,爆炸性混合物
1650,543-81-7,受热,有毒的烟气
1651,544-01-4,空气,爆炸性混合物
1652,544-10-5,空气,爆炸性混合物
1653,544-10-5,受热,剧毒的光气
1654,544-13-8,空气,爆炸性混合物
1655,544-13-8,高热,氰化物气体
1656,544-13-8,酸,氰化物气体
1657,544-16-1,明火,有毒气体
1658,544-16-1,高热,有毒气体
1659,544-16-1,受热,氧化氮烟气
1660,544-25-2,空气,爆炸性混合物
1661,544-92-3,高热,氰化物气体
1662,544-92-3,酸,氰化物气体
1663,544-92-3,酸,氰化氢气体
1664,544-92-3,空气,氰化氢气体
1665,544-92-3,水分,氰化氢气体
1666,544-92-3,二氧化碳,氰化氢气体
1667,545-06-2,空气,爆炸性混合物
1668,545-06-2,受热,氰化物气体
1669,545-06-2,水,可燃性气体
1670,545-06-2,水蒸气,可燃性气体
1671,545-06-2,酸,可燃性气体
1672,545-06-2,酸气,可燃性气体
1673,546-68-9,空气,爆炸性混合物
1674,546-68-9,水,有毒和易燃的气体
1675,546-68-9,水蒸气,有毒和易燃的气体
1676,547-63-7,空气,爆炸性混合物
1677,547-64-8,空气,爆炸性混合物
1678,547-64-8,强氧化剂,燃烧
1679,55-38-9,受热,磷
1680,55-38-9,受热,硫
1681,55-38-9,受热,氧化物
1682,55-38-9,受热,毒性气体
1683,55-68-5,高热,高毒烟气
1684,551-06-4,酸,氰化物
1685,551-06-4,酸气,氰化物
1686,551-06-4,酸,氧化硫烟气
1687,551-06-4,酸气,氧化硫烟气
1688,553-90-2,加热,毒性气体
1689,554-00-7,高热,有毒气体
1690,554-12-1,空气,爆炸性混合物
1691,554-12-1,空气,爆炸性混合物
1692,554-84-7,空气,爆炸性混合物
1693,554-84-7,受热,有毒烟气
1694,556-24-1,空气,爆炸性混合物
1695,556-56-9,空气,爆炸性混合物
1696,556-56-9,高热,碘化物烟雾
1697,556-61-6,空气,爆炸性混合物
1698,556-64-9,空气,爆炸性混合物
1699,556-64-9,空气,爆炸性混合物
1700,556-64-9,高热,有毒气体
1701,556-88-7,受热,爆炸
1702,556-88-7,明火,爆炸
1703,556-88-7,摩擦,爆炸
1704,556-88-7,震动,爆炸
1705,556-88-7,撞击,爆炸
1706,556-88-7,高热,氮氧化物
1707,557-17-5,空气,爆炸性混合物
1708,557-19-7,氯酸盐,爆炸性混合物
1709,557-19-7,亚硝酸钠,爆炸性混合物
1710,557-19-7,酸,氰化氢气体
1711,557-19-7,空气,氰化氢气体
1712,557-19-7,水分,氰化氢气体
1713,557-19-7,二氧化碳,氰化氢气体
1714,557-19-7,高热,高毒烟气
1715,557-21-1,高热,氰化物气体
1716,557-21-1,酸,氰化物气体
1717,557-21-1,酸,氰化氢气体
1718,557-21-1,空气,氰化氢气体
1719,557-21-1,水分,氰化氢气体
1720,557-21-1,二氧化碳,氰化氢气体
1721,557-31-3,空气,爆炸性混合物
1722,557-40-4,空气,爆炸性混合物
1723,557-40-4,高热,有毒气体
1724,557-98-2,空气,爆炸性混合物
1725,557-98-2,火焰,光气
1726,557-98-2,受热,光气
1727,557-98-2,火焰,氯化氢气体
1728,557-98-2,受热,氯化氢气体
1729,558-13-4,高热,溴化物气体
1730,558-17-8,空气,爆炸性混合物
1731,558-17-8,明火,有毒气体
1732,558-17-8,高热,有毒气体
1733,558-17-8,氧化剂,有毒气体
1734,558-17-8,受热,碘化物烟气
1735,558-25-8,燃烧,有毒气体
1736,56-23-5,明火,光气
1737,56-23-5,高温,光气
1738,56-23-5,明火,氯化氢烟雾
1739,56-23-5,高温,氯化氢烟雾
1740,56-23-5,空气,光气
1741,56-23-5,空气,氯化氢
1742,56-38-2,空气,爆炸性混合物
1743,56-38-2,受热,磷
1744,56-38-2,受热,硫
1745,56-38-2,受热,氧化物
1746,56-38-2,受热,毒性气体
1747,56-72-4,高热,高毒烟气
1748,562-49-2,空气,爆炸性混合物
1749,562-49-2,空气,爆炸性混合物
1750,5628-99-9,燃烧,有毒气体
1751,563-12-2,空气,爆炸性混合物
1752,563-12-2,受热,磷
1753,563-12-2,受热,硫
1754,563-12-2,受热,氧化物
1755,563-12-2,受热,毒性气体
1756,563-45-1,空气,爆炸性混合物
1757,563-46-2,空气,爆炸性混合物
1758,563-46-2,水,有毒气体
1759,563-47-3,空气,爆炸性混合物
1760,563-47-3,高热,氯化物气体
1761,563-52-0,空气,爆炸性混合物
1762,563-52-0,高热,氯化物气体
1763,563-54-2,空气,爆炸性混合物
1764,563-54-2,空气,爆炸性混合物
1765,563-54-2,受热,光气
1766,563-54-2,受热,氯化氢气体
1767,563-54-2,铜,氯乙炔
1768,563-68-8,受热,有毒的烟气
1769,563-76-8,水,溴化氢气体
1770,563-78-0,空气,爆炸性混合物
1771,563-79-1,空气,爆炸性混合物
1772,563-80-4,空气,爆炸性混合物
1773,563-80-4,空气,爆炸性混合物
1774,564-02-3,空气,爆炸性混合物
1775,564-02-3,空气,爆炸性混合物
1776,565-59-3,空气,爆炸性混合物
1777,565-59-3,空气,爆炸性混合物
1778,565-61-7,空气,爆炸性混合物
1779,565-67-3,空气,爆炸性混合物
1780,565-69-5,空气,爆炸性混合物
1781,565-75-3,空气,爆炸性混合物
1782,565-75-3,空气,爆炸性混合物
1783,565-80-0,空气,爆炸性混合物
1784,57-06-7,空气,爆炸性混合物
1785,57-06-7,空气,爆炸性混合物
1786,57-06-7,高热,氰化物气体
1787,57-06-7,酸,氰化物气体
1788,57-14-7,空气,爆炸性混合物
1789,57-14-7,空气,爆炸性混合物
1790,57-14-7,高热,剧毒的气体
1791,57-52-3,加热,毒性气体
1792,57-74-9,高热,腐蚀性烟气
1793,578-54-1,空气,爆炸性混合物
1794,578-54-1,受热,有毒烟气
1795,58-89-9,高热,刺激性的烟雾
1796,581-64-6,燃烧,有毒气体
1797,581-89-5,高热,有毒的蒸气
1798,581-89-5,氧化剂,爆炸性混合物
1799,581-89-5,空气,爆炸性混合物
1800,583-53-9,空气,爆炸性混合物
1801,583-58-4,空气,爆炸性混合物
1802,584-94-1,空气,爆炸性混合物
1803,584-94-1,空气,爆炸性混合物
1804,585-79-5,分解,氮氧化物
1805,585-79-5,分解,溴化物烟雾
1806,586-62-9,空气,爆炸性混合物
1807,589-38-8,空气,爆炸性混合物
1808,589-43-5,空气,爆炸性混合物
1809,589-43-5,空气,爆炸性混合物
1810,589-53-7,空气,爆炸性混合物
1811,589-90-2,空气,爆炸性混合物
1812,589-93-5,空气,爆炸性混合物
1813,589-93-5,高温,氮氧化物气体
1814,5894-60-0,水,氯化氢气体
1815,59-50-7,高热,高毒烟气
1816,590-01-2,空气,爆炸性混合物
1817,590-01-2,空气,爆炸性混合物
1818,590-35-2,空气,爆炸性混合物
1819,590-35-2,空气,爆炸性混合物
1820,590-36-3,空气,爆炸性混合物
1821,590-66-9,空气,爆炸性混合物
1822,590-66-9,空气,爆炸性混合物
1823,590-73-8,空气,爆炸性混合物
1824,590-73-8,空气,爆炸性混合物
1825,590-86-3,空气,爆炸性混合物
1826,590-86-3,空气,爆炸性混合物
1827,590-92-1,高热,溴化物气体
1828,591-17-3,空气,爆炸性混合物
1829,591-22-0,空气,爆炸性混合物
1830,591-22-0,空气,爆炸性混合物
1831,591-22-0,受热,有毒烟气
1832,591-27-5,受热,氧化氮烟气
1833,591-47-9,空气,爆炸性混合物
1834,591-76-4,空气,爆炸性混合物
1835,591-76-4,空气,爆炸性混合物
1836,591-78-6,空气,爆炸性混合物
1837,591-87-7,空气,爆炸性混合物
1838,591-89-9,酸,氰化氢气体
1839,591-89-9,空气,氰化氢气体
1840,591-89-9,水分,氰化氢气体
1841,591-89-9,二氧化碳,氰化氢气体
1842,591-89-9,高热,高毒烟气
1843,591-93-5,空气,爆炸性混合物
1844,591-93-5,空气,爆炸性混合物
1845,591-97-9,空气,爆炸性混合物
1846,591-97-9,高热,腐蚀性烟气
1847,592-01-8,高热,氰化物气体
1848,592-01-8,酸,氰化物气体
1849,592-01-8,酸,氰化氢气体
1850,592-01-8,空气,氰化氢气体
1851,592-01-8,水分,氰化氢气体
1852,592-01-8,二氧化碳,氰化氢气体
1853,592-04-1,高热,氰化物气体
1854,592-04-1,酸,氰化物气体
1855,592-04-1,酸,氰化氢气体
1856,592-04-1,空气,氰化氢气体
1857,592-04-1,水分,氰化氢气体
1858,592-04-1,二氧化碳,氰化氢气体
1859,592-05-2,氯酸盐,爆炸性混合物
1860,592-05-2,亚硝酸钠,爆炸性混合物
1861,592-05-2,酸,氰化氢气体
1862,592-05-2,空气,氰化氢气体
1863,592-05-2,水分,氰化氢气体
1864,592-05-2,二氧化碳,氰化氢气体
1865,592-05-2,高热,高毒烟气
1866,592-27-8,空气,爆炸性混合物
1867,592-34-7,空气,爆炸性混合物
1868,592-34-7,水,腐蚀性烟气
1869,592-34-7,受热,腐蚀性烟气
1870,592-41-6,空气,爆炸性混合物
1871,592-42-7,空气,爆炸性混合物
1872,592-43-8,空气,爆炸性混合物
1873,592-45-0,空气,爆炸性混合物
1874,592-46-1,空气,爆炸性混合物
1875,592-48-3,空气,爆炸性混合物
1876,592-55-2,空气,爆炸性混合物
1877,592-55-2,高热,溴化物气体
1878,592-57-4,空气,爆炸性混合物
1879,592-57-4,空气,爆炸性混合物
1880,592-76-7,空气,爆炸性混合物
1881,592-76-7,空气,爆炸性混合物
1882,592-77-8,空气,爆炸性混合物
1883,592-77-8,空气,爆炸性混合物
1884,592-78-9,空气,爆炸性混合物
1885,592-78-9,空气,爆炸性混合物
1886,592-84-7,空气,爆炸性混合物
1887,592-84-7,空气,爆炸性混合物
1888,592-85-8,酸,有毒气体
1889,592-85-8,酸气,有毒气体
1890,592-85-8,高热,高毒烟气
1891,592-88-1,水蒸气,硫化氢气体
1892,592-88-1,酸,硫化氢气体
1893,592-88-1,酸雾,硫化氢气体
1894,593-53-3,空气,爆炸性混合物
1895,593-53-3,空气,爆炸性混合物
1896,593-53-3,受热,氟化物气体
1897,593-60-2,空气,爆炸性混合物
1898,593-60-2,空气,爆炸性混合物
1899,594-36-5,空气,爆炸性混合物
1900,594-36-5,酸,有毒气体
1901,594-36-5,酸气,有毒气体
1902,594-42-3,高热,氯化物气体
1903,594-68-3,受热,有毒气体
1904,594-72-9,高热,氮氧化物
1905,594-72-9,高热,氯化物气体
1906,598-14-1,酸,胂
1907,598-14-1,酸,光气
1908,598-14-1,吸潮,腐蚀性烟雾
1909,598-14-1,水,腐蚀性烟雾
1910,598-14-1,高热,高毒烟气
1911,598-16-3,空气,爆炸性混合物
1912,598-16-3,高热,溴化物气体
1913,598-22-1,受热,溴化氢
1914,598-22-1,受热,碳酰溴
1915,598-22-1,水,溴氢酸
1916,598-22-1,乙醇,溴氢酸
1917,598-22-1,水,乙酸
1918,598-22-1,乙醇,乙酸
1919,598-31-2,空气,爆炸性混合物
1920,598-31-2,高热,有毒气体
1921,598-72-1,高热,溴化物气体
1922,598-73-2,空气,爆炸性混合物
1923,598-75-4,空气,爆炸性混合物
1924,598-78-7,空气,爆炸性混合物
1925,598-78-7,高热,腐蚀性烟气
1926,598-98-1,空气,爆炸性混合物
1927,60-29-7,空气,爆炸性混合物
1928,60-29-7,空气,过氧化物
1929,60-34-4,空气,爆炸性混合物
1930,60-34-4,空气,爆炸性混合物
1931,600-00-0,空气,爆炸性混合物
1932,600-25-9,酸,有毒气体
1933,600-25-9,酸气,有毒气体
1934,602-87-9,受热,氧化氮烟气
1935,602-99-3,受热,有毒的烟气
1936,603-35-0,受热,氧化磷烟气
1937,603-35-0,分解,氧化磷烟气
1938,6032-29-7,空气,爆炸性混合物
1939,6032-29-7,空气,爆炸性混合物
1940,605-69-6,受热,氧化氮烟气
1941,606-20-2,燃烧,刺激性烟雾
1942,606-20-2,氧化剂,爆炸性混合物
1943,606-22-4,受热,有毒的烟气
1944,608-27-5,高热,氮氧化物
1945,608-27-5,高热,氯化物气体
1946,608-31-1,高热,有毒气体
1947,609-26-7,空气,爆炸性混合物
1948,610-67-3,空气,爆炸性混合物
1949,6117-91-5,空气,爆炸性混合物
1950,612-22-6,空气,爆炸性混合物
1951,612-22-6,高热,腐蚀性烟气
1952,612-23-7,受热,氮氧化物
1953,612-23-7,受热,氯化物气体
1954,6125-21-9,空气,爆炸性混合物
1955,6125-21-9,空气,爆炸性混合物
1956,6125-21-9,燃烧,氮氧化物气体
1957,613-48-9,受热,有毒气体
1958,614-45-9,空气,爆炸性混合物
1959,615-74-7,高热,高毒烟气
1960,616-38-6,空气,爆炸性混合物
1961,616-44-4,空气,爆炸性混合物
1962,616-44-4,高热,硫化物烟气
1963,616-45-5,受热,氧化氮烟气
1964,6164-98-3,高热,氮氧化物
1965,6164-98-3,高热,氯化物气体
1966,617-83-4,水,腐蚀性气体
1967,617-83-4,水蒸气,腐蚀性气体
1968,617-89-0,空气,爆炸性混合物
1969,618-45-1,热,酚烟雾
1970,618-87-1,受热,有毒的烟气
1971,619-23-8,受热,氮氧化物
1972,619-23-8,受热,氯化物气体
1973,619-80-7,受热,氧化氮烟气
1974,62-53-3,空气,爆炸性混合物
1975,62-56-6,燃烧,氮
1976,62-56-6,燃烧,硫
1977,62-56-6,燃烧,氧化物
1978,62-56-6,燃烧,毒性气体
1979,62-73-7,空气,爆炸性混合物
1980,62-73-7,受热,氧化磷
1981,62-73-7,受热,氯化物
1982,62-73-7,受热,毒性气体
1983,62-74-8,高热,高毒烟气
1984,62-75-9,受热,氧化氮烟气
1985,622-44-6,受热,有毒的烟气
1986,622-45-7,空气,爆炸性混合物
1987,622-97-9,空气,爆炸性混合物
1988,622-97-9,空气,爆炸性混合物
1989,623-37-0,空气,爆炸性混合物
1990,623-42-7,空气,爆炸性混合物
1991,623-42-7,空气,爆炸性混合物
1992,623-43-8,空气,爆炸性混合物
1993,623-48-3,水,腐蚀性气体
1994,623-48-3,水蒸气,腐蚀性气体
1995,623-48-3,酸,有毒气体
1996,623-70-1,空气,爆炸性混合物
1997,623-71-2,空气,爆炸性混合物
1998,623-71-2,受热,有毒气体
1999,623-73-4,酸,有毒气体
2000,623-73-4,酸气,有毒气体
2001,623-96-1,空气,爆炸性混合物
2002,624-24-8,空气,爆炸性混合物
2003,624-54-4,空气,爆炸性混合物
2004,624-54-4,空气,爆炸性混合物
2005,624-83-9,空气,爆炸性混合物
2006,624-83-9,空气,爆炸性混合物
2007,624-83-9,水,热
2008,624-83-9,酸类,热
2009,624-83-9,有机物,热
2010,624-83-9,氧化剂,热
2011,624-83-9,水,有毒易燃气体
2012,624-83-9,酸类,有毒易燃气体
2013,624-83-9,有机物,有毒易燃气体
2014,624-83-9,氧化剂,有毒易燃气体
2015,624-83-9,水蒸气,有毒易燃气体
2016,624-83-9,水,有毒易燃气体
2017,624-91-9,空气,爆炸性混合物
2018,624-91-9,空气,爆炸性混合物
2019,624-92-0,空气,爆炸性混合物
2020,625-27-4,空气,爆炸性混合物
2021,625-28-5,空气,爆炸性混合物
2022,625-28-5,高热,有毒气体
2023,625-55-8,空气,爆炸性混合物
2024,625-59-2,空气,爆炸性混合物
2025,625-59-2,空气,爆炸性混合物
2026,625-59-2,高热,有毒气体
2027,625-86-5,空气,爆炸性混合物
2028,625-98-9,空气,爆炸性混合物
2029,626-56-2,空气,爆炸性混合物
2030,626-56-2,高温,氮氧化物气体
2031,626-58-4,空气,爆炸性混合物
2032,626-58-4,高温,氮氧化物气体
2033,626-67-5,空气,爆炸性混合物
2034,626-67-5,高温,氮氧化物气体
2035,626-93-7,空气,爆炸性混合物
2036,626-93-7,受热,腐蚀性烟雾
2037,627-05-4,空气,爆炸性混合物
2038,627-05-4,空气,爆炸性混合物
2039,627-05-4,燃烧,氮氧化物气体
2040,627-13-4,空气,爆炸性混合物
2041,627-19-0,空气,爆炸性混合物
2042,627-44-1,受热,有毒汞蒸气
2043,627-44-1,酸,有毒汞蒸气
2044,627-44-1,酸雾,有毒汞蒸气
2045,627-63-4,受热,高毒烟雾
2046,628-17-1,空气,爆炸性混合物
2047,628-17-1,受热,碘化物烟气
2048,628-28-4,空气,爆炸性混合物
2049,628-28-4,空气,爆炸性混合物
2050,628-32-0,空气,爆炸性混合物
2051,628-41-1,空气,爆炸性混合物
2052,628-41-1,空气,爆炸性混合物
2053,628-63-7,空气,爆炸性混合物
2054,628-63-7,空气,爆炸性混合物
2055,628-71-7,空气,爆炸性混合物
2056,628-71-7,空气,爆炸性混合物
2057,628-73-9,空气,爆炸性混合物
2058,628-73-9,高热,剧毒的气体
2059,628-76-2,空气,爆炸性混合物
2060,628-76-2,受热,剧毒的光气
2061,629-05-0,空气,爆炸性混合物
2062,629-05-0,空气,爆炸性混合物
2063,629-14-1,空气,爆炸性混合物
2064,629-20-9,空气,爆炸性混合物
2065,629-33-4,空气,爆炸性混合物
2066,629-33-4,空气,爆炸性混合物
2067,629-40-3,高热,剧毒的气体
2068,630-08-0,空气,爆炸性混合物
2069,630-08-0,空气,爆炸性混合物
2070,6303-21-5,受热,氧化磷烟气
2071,634-66-2,高热,氯化物气体
2072,634-90-2,高热,腐蚀性烟气
2073,634-93-5,高热,有毒气体
2074,636-30-6,高热,有毒气体
2075,636-98-6,受热,有毒的烟气
2076,638-11-9,空气,爆炸性混合物
2077,638-49-3,空气,爆炸性混合物
2078,638-49-3,空气,爆炸性混合物
2079,64-00-6,燃烧,有毒气体
2080,64-17-5,空气,爆炸性混合物
2081,64-17-5,空气,爆炸性混合物
2082,64-18-6,空气,爆炸性混合物
2083,64-18-6,空气,爆炸性混合物
2084,64-19-7,空气,爆炸性混合物
2085,64-19-7,空气,爆炸性混合物
2086,64-67-5,空气,爆炸性混合物
2087,64-67-5,潮气,硫酸
2088,64-69-7,受热,碘化物烟气
2089,640-15-3,高热,腐蚀性烟气
2090,64013-16-7,高热,有毒的烟气
2091,64013-16-7,氰化物,氰化氢气体
2092,644-49-5,空气,爆炸性混合物
2093,644-97-3,高热,剧毒的气体
2094,646-06-0,空气,爆炸性混合物
2095,646-06-0,空气,爆炸性混合物
2096,646-20-8,高热,剧毒的气体
2097,6484-52-2,还原剂,爆炸性混合物
2098,6484-52-2,有机物,爆炸性混合物
2099,6484-52-2,易燃物,爆炸性混合物
2100,6484-52-2,硫,爆炸性混合物
2101,6484-52-2,磷,爆炸性混合物
2102,6484-52-2,金属粉末,爆炸性混合物
2103,65-30-5,高热,高毒烟气
2104,6533-73-9,高热,高毒烟气
2105,65996-93-2,空气,爆炸性混合物
2106,67-56-1,空气,爆炸性混合物
2107,67-56-1,空气,爆炸性混合物
2108,67-63-0,空气,爆炸性混合物
2109,67-63-0,空气,爆炸性混合物
2110,67-64-1,空气,爆炸性混合物
2111,67-66-3,明火,光气
2112,67-72-1,高热,剧毒的光气
2113,670-54-2,水,氰化氢气体
2114,670-54-2,水蒸气,氰化氢气体
2115,670-54-2,高热,高毒烟气
2116,674-82-8,空气,爆炸性混合物
2117,68-11-1,空气,爆炸性混合物
2118,68-11-1,受热,硫化物烟气
2119,68-12-2,空气,爆炸性混合物
2120,681-84-5,空气,爆炸性混合物
2121,681-84-5,加热,毒性气体
2122,68476-85-7,空气,爆炸性混合物
2123,68476-85-7,空气,爆炸性混合物
2124,691-37-2,空气,爆炸性混合物
2125,693-02-7,空气,爆炸性混合物
2126,693-02-7,空气,爆炸性混合物
2127,693-89-0,空气,爆炸性混合物
2128,694-05-3,空气,爆炸性混合物
2129,696-28-6,水,腐蚀性气体
2130,696-28-6,水蒸气,腐蚀性气体
2131,696-28-6,受热,高毒烟雾
2132,70-34-8,受热,氮氧化物
2133,70-34-8,受热,氟化物烟气
2134,7087-68-5,空气,爆炸性混合物
2135,71-23-8,空气,爆炸性混合物
2136,71-23-8,空气,爆炸性混合物
2137,71-36-3,空气,爆炸性混合物
2138,71-41-0,空气,爆炸性混合物
2139,71-41-0,空气,爆炸性混合物
2140,71-41-0,受热,腐蚀性烟雾
2141,71-43-2,空气,爆炸性混合物
2142,71-43-2,空气,爆炸性混合物
2143,71-55-6,空气,爆炸性混合物
2144,71-55-6,明火,光气
2145,71-55-6,高热,光气
2146,71-55-6,明火,氯化氢烟雾
2147,71-55-6,高热,氯化氢烟雾
2148,7154-66-7,水,腐蚀性气体
2149,7154-66-7,水蒸气,腐蚀性气体
2150,7154-66-7,高热,高毒烟气
2151,74-82-8,空气,爆炸性混合物
2152,74-82-8,空气,爆炸性混合物
2153,74-83-9,空气,爆炸性混合物
2154,74-83-9,空气,爆炸性混合物
2155,74-84-0,空气,爆炸性混合物
2156,74-84-0,空气,爆炸性混合物
2157,74-85-1,空气,爆炸性混合物
2158,74-85-1,空气,爆炸性混合物
2159,74-86-2,空气,爆炸性混合物
2160,74-86-2,空气,爆炸性混合物
2161,74-86-2,铜,爆炸性物质
2162,74-86-2,银,爆炸性物质
2163,74-86-2,汞,爆炸性物质
2164,74-86-2,化合物,爆炸性物质
2165,74-87-3,空气,爆炸性混合物
2166,74-87-3,空气,爆炸性混合物
2167,74-87-3,火花,光气
2168,74-87-3,高热,光气
2169,74-87-3,铝,铝化合物
2170,74-87-3,合金,铝化合物
2171,74-88-4,空气,爆炸性混合物
2172,74-88-4,受热,碘化物烟气
2173,74-89-5,空气,爆炸性混合物
2174,74-89-5,空气,爆炸性混合物
2175,74-90-8,空气,爆炸性混合物
2176,74-90-8,空气,爆炸性混合物
2177,74-93-1,空气,爆炸性混合物
2178,74-93-1,空气,爆炸性混合物
2179,74-93-1,水,易燃气体
2180,74-93-1,水蒸气,易燃气体
2181,74-93-1,酸类,易燃气体
2182,74-95-3,高热,溴化物气体
2183,74-96-4,空气,爆炸性混合物
2184,74-96-4,高热,溴化物气体
2185,74-96-4,光照,溴化氢
2186,74-96-4,火焰,溴化氢
2187,74-96-4,光照,碳酰溴
2188,74-96-4,火焰,碳酰溴
2189,74-98-6,空气,爆炸性混合物
2190,74-98-6,空气,爆炸性混合物
2191,7429-90-5,氧化剂,爆炸性混合物
2192,7429-90-5,酸类,氢气
2193,7429-90-5,强碱,氢气
2194,7429-90-5,空气,爆炸性混合物
2195,7439-93-2,水,氢气
2196,7439-93-2,酸,氢气
2197,7439-93-2,水,热量
2198,7439-93-2,酸,热量
2199,7439-93-2,燃烧,熔融物
2200,7439-93-2,燃烧,浓烟
2201,7439-93-2,混凝土,氢气
2202,7439-93-2,空气,爆炸性混合物
2203,7439-95-4,燃烧,高热
2204,7439-95-4,燃烧,白光
2205,7439-95-4,水,氢气
2206,7439-95-4,潮气,氢气
2207,7439-95-4,空气,爆炸性混合物
2208,7440-00-8,热水,氢气
2209,7440-09-7,水,氢气
2210,7440-09-7,潮气,氢气
2211,7440-09-7,燃烧,紫色火焰
2212,7440-17-7,空气,爆炸
2213,7440-17-7,氧气,爆炸
2214,7440-17-7,空气,超氧化物
2215,7440-17-7,氧气,超氧化物
2216,7440-17-7,水,氢气
2217,7440-17-7,潮气,氢气
2218,7440-23-5,水,氢气
2219,7440-23-5,潮气,氢气
2220,7440-24-6,水,氢气
2221,7440-24-6,酸,氢气
2222,7440-24-6,水,热量
2223,7440-24-6,酸,热量
2224,7440-28-0,空气,爆炸性混合物
2225,7440-36-0,空气,爆炸性混合物
2226,7440-38-2,燃烧,氧化砷烟雾
2227,7440-39-3,水,氢气
2228,7440-39-3,酸,氢气
2229,7440-41-7,强酸,氢气
2230,7440-41-7,空气,爆炸性混合物
2231,7440-41-7,铍粉,爆炸性混合物
2232,7440-45-1,热水,氢气
2233,7440-46-2,空气,超氧化物
2234,7440-46-2,氧气,超氧化物
2235,7440-58-6,空气,爆炸性混合物
2236,7440-58-6,氧化剂,爆炸性混合物
2237,7440-58-6,氯酸盐,爆炸性混合物
2238,7440-58-6,氯酸盐,爆炸性混合物
2239,7440-58-6,硝酸盐,爆炸性混合物
2240,7440-58-6,高氯酸盐,爆炸性混合物
2241,7440-58-6,高猛酸盐,爆炸性混合物
2242,7440-66-6,水,氢气
2243,7440-66-6,酸类,氢气
2244,7440-66-6,碱,氢气
2245,7440-66-6,氢氧化物,氢气
2246,7440-66-6,空气,爆炸性混合物
2247,7440-70-2,燃烧,刺激性烟雾
2248,7440-70-2,水,氢气
2249,7440-70-2,酸,氢气
2250,7440-70-2,水,热量
2251,7440-70-2,酸,热量
2252,7446-11-9,空气,有毒的白烟
2253,7446-70-0,水,腐蚀性气体
2254,7446-70-0,水蒸气,腐蚀性气体
2255,75-00-3,空气,爆炸性混合物
2256,75-00-3,空气,爆炸性混合物
2257,75-01-4,空气,爆炸性混合物
2258,75-01-4,空气,爆炸性混合物
2259,75-02-5,空气,爆炸性混合物
2260,75-02-5,空气,爆炸性混合物
2261,75-03-6,空气,爆炸性混合物
2262,75-03-6,高热,碘化物烟雾
2263,75-03-6,水,腐蚀性气体
2264,75-03-6,水蒸气,腐蚀性气体
2265,75-04-7,空气,爆炸性混合物
2266,75-04-7,空气,爆炸性混合物
2267,75-05-8,空气,爆炸性混合物
2268,75-05-8,空气,爆炸性混合物
2269,75-07-0,低温,爆炸性混合物
2270,75-07-0,空气,爆炸性混合物
2271,75-07-0,空气,过氧化物
2272,75-08-1,空气,爆炸性混合物
2273,75-08-1,酸,有毒气体
2274,75-08-1,酸雾,有毒气体
2275,75-08-1,水,有毒和易燃的气体
2276,75-08-1,水蒸气,有毒和易燃的气体
2277,75-09-2,空气,爆炸性混合物
2278,75-09-2,明火,光气
2279,75-09-2,潮湿空气,氯化氢
2280,75-11-6,空气,爆炸性混合物
2281,75-11-6,受热,碘化物烟气
2282,75-15-0,空气,爆炸性混合物
2283,75-15-0,受热,硫化物烟气
2284,75-16-1,水,易燃气体
2285,75-16-1,酸,易燃气体
2286,75-18-3,空气,爆炸性混合物
2287,75-18-3,高热,硫化物烟气
2288,75-19-4,空气,爆炸性混合物
2289,75-19-4,空气,爆炸性混合物
2290,75-20-7,水,乙炔气体
2291,75-20-7,湿气,乙炔气体
2292,75-21-8,空气,爆炸性混合物
2293,75-21-8,空气,爆炸性混合物
2294,75-25-2,高热,溴化物气体
2295,75-26-3,空气,爆炸性混合物
2296,75-26-3,明火,有毒气体
2297,75-26-3,高热,有毒气体
2298,75-26-3,高热,溴化物气体
2299,75-28-5,空气,爆炸性混合物
2300,75-28-5,空气,爆炸性混合物
2301,75-29-6,空气,爆炸性混合物
2302,75-29-6,高热,氯化物气体
2303,75-30-9,空气,爆炸性混合物
2304,75-31-0,空气,爆炸性混合物
2305,75-33-2,空气,爆炸性混合物
2306,75-33-2,强酸,有毒气体
2307,75-33-2,水,腐蚀性气体
2308,75-34-3,空气,爆炸性混合物
2309,75-34-3,空气,爆炸性混合物
2310,75-34-3,高热,腐蚀性烟气
2311,75-35-4,空气,爆炸性混合物
2312,75-35-4,空气,爆炸性混合物
2313,75-35-4,高热,腐蚀性烟气
2314,75-36-5,空气,爆炸性混合物
2315,75-36-5,空气,爆炸性混合物
2316,75-36-5,受热,光气
2317,75-36-5,受热,氯化氢气体
2318,75-37-6,空气,爆炸性混合物
2319,75-37-6,空气,爆炸性混合物
2320,75-37-6,受热,氟化物气体
2321,75-38-7,空气,爆炸性混合物
2322,75-38-7,空气,爆炸性混合物
2323,75-43-4,火,氯化氢
2324,75-43-4,赤热表面,氯化氢
2325,75-43-4,火,氟化氢
2326,75-43-4,赤热表面,氟化氢
2327,75-43-4,火,光气
2328,75-43-4,赤热表面,光气
2329,75-44-5,受热,有毒的烟气
2330,75-46-7,受热,有毒的烟雾
2331,75-47-8,空气,碘
2332,75-47-8,阳光,碘
2333,75-50-3,空气,爆炸性混合物
2334,75-50-3,空气,爆炸性混合物
2335,75-50-3,受热,有毒的烟气
2336,75-52-5,空气,爆炸性混合物
2337,75-52-5,空气,爆炸性混合物
2338,75-52-5,燃烧,氮氧化物气体
2339,75-54-7,空气,爆炸性混合物
2340,75-54-7,水,热量
2341,75-54-7,水蒸气,热量
2342,75-54-7,水,腐蚀性的烟雾
2343,75-54-7,水蒸气,腐蚀性的烟雾
2344,75-55-8,空气,爆炸性混合物
2345,75-60-5,高热,高毒烟气
2346,75-61-6,受热,有毒的烟气
2347,75-64-9,空气,爆炸性混合物
2348,75-64-9,空气,爆炸性混合物
2349,75-65-0,空气,爆炸性混合物
2350,75-65-0,空气,爆炸性混合物
2351,75-66-1,空气,爆炸性混合物
2352,75-66-1,受热,有毒的烟气
2353,75-66-1,酸,有毒气体
2354,75-66-1,酸雾,有毒气体
2355,75-68-3,空气,爆炸性混合物
2356,75-68-3,空气,爆炸性混合物
2357,75-68-3,受热,氟化物气体
2358,75-69-4,受热,氟化物
2359,75-69-4,受热,氯化物气体
2360,75-71-8,受热,氟化物
2361,75-71-8,受热,氯化物气体
2362,75-72-9,火,高毒的烟雾
2363,75-72-9,金属,高毒的烟雾
2364,75-74-1,空气,爆炸性混合物
2365,75-75-2,受热,甲醛
2366,75-75-2,受热,二氧化硫
2367,75-76-3,强氧化剂,燃烧
2368,75-77-4,受热,腐蚀性烟气
2369,75-77-4,水,腐蚀性烟气
2370,75-78-5,空气,爆炸性混合物
2371,75-78-5,空气,爆炸性混合物
2372,75-78-5,受热,腐蚀性烟气
2373,75-78-5,水,腐蚀性烟气
2374,75-79-6,空气,爆炸性混合物
2375,75-79-6,空气,爆炸性混合物
2376,75-79-6,受热,腐蚀性烟气
2377,75-79-6,水,腐蚀性烟气
2378,75-83-2,空气,爆炸性混合物
2379,75-85-4,空气,爆炸性混合物
2380,75-86-5,受热,氢氰酸
2381,75-86-5,受热,丙酮
2382,75-87-6,受热,腐蚀性的气体
2383,75-88-7,未知,氟化物
2384,75-88-7,未知,氯化物气体
2385,75-89-8,空气,爆炸性混合物
2386,75-94-5,空气,爆炸性混合物
2387,75-94-5,受热,腐蚀性烟气
2388,75-94-5,水,腐蚀性烟气
2389,75-96-7,高热,溴化物气体
2390,75-97-8,空气,爆炸性混合物
2391,75-97-8,空气,爆炸性混合物
2392,7550-45-0,受热,腐蚀性烟气
2393,7550-45-0,水,腐蚀性烟气
2394,7578-36-1,水,白色烟雾
2395,76-01-7,高热,氯化物气体
2396,76-02-8,水,氯化氢气体
2397,76-03-9,高热,腐蚀性烟气
2398,76-05-1,酸,有毒气体
2399,76-06-2,发烟硫酸,光气
2400,76-14-2,受热,氟化物
2401,76-14-2,受热,氯化物气体
2402,76-15-3,受热,氟化物
2403,76-15-3,受热,氯化物气体
2404,76-44-8,高热,腐蚀性烟气
2405,76-86-8,燃烧,有毒烟气
2406,76-86-8,水,氯化氢烟雾
2407,76-86-8,水蒸气,氯化氢烟雾
2408,760-20-3,空气,爆炸性混合物
2409,760-21-4,空气,爆炸性混合物
2410,7601-89-0,还原剂,爆炸性混合物
2411,7601-89-0,有机物,爆炸性混合物
2412,7601-89-0,易燃物,爆炸性混合物
2413,7601-89-0,硫,爆炸性混合物
2414,7601-89-0,磷,爆炸性混合物
2415,7601-89-0,金属粉末,爆炸性混合物
2416,7601-90-3,水,放热
2417,7616-94-6,含氮碱类,爆炸性产物
2418,7616-94-6,异丙胺,爆炸性产物
2419,7616-94-6,苯胺,爆炸性产物
2420,7616-94-6,苯肼,爆炸性产物
2421,7616-94-6,受热,有毒的烟气
2422,763-29-1,空气,爆炸性混合物
2423,7631-90-5,酸,有毒气体
2424,7631-90-5,酸气,有毒气体
2425,7631-99-4,燃烧,氮氧化物气体
2426,7631-99-4,高热,氮氧化物
2427,7632-00-0,有机物,氧化氮气体
2428,7632-00-0,可燃物,氧化氮气体
2429,7632-00-0,加热,氮氧化物气体
2430,7632-00-0,酸,氮氧化物气体
2431,7637-07-2,空气,氟硼酸
2432,7637-07-2,潮气,氟硼酸
2433,7637-07-2,空气,硼酸
2434,7637-07-2,潮气,硼酸
2435,7637-07-2,空气,白色烟雾
2436,7637-07-2,潮气,白色烟雾
2437,764-13-6,空气,爆炸性混合物
2438,764-35-2,空气,爆炸性混合物
2439,764-41-0,空气,爆炸性混合物
2440,764-41-0,高热,氯化物气体
2441,7646-69-7,受热,热量
2442,7646-69-7,潮气,热量
2443,7646-69-7,酸类,热量
2444,7646-69-7,受热,氢气
2445,7646-69-7,潮气,氢气
2446,7646-69-7,酸类,氢气
2447,7646-69-7,湿气,氢氧化物
2448,7646-69-7,水,氢氧化物
2449,7646-78-8,潮湿空气,热
2450,7646-78-8,潮湿空气,氯化氢气体
2451,7646-79-9,高热,腐蚀性烟气
2452,7646-85-7,高热,腐蚀性烟气
2453,7646-85-7,水,白色烟雾
2454,7647-01-0,金属粉末,氢气
2455,7647-01-0,氰化物,氰化氢气体
2456,7647-01-0,碱,热
2457,7647-18-9,受热,腐蚀性烟气
2458,7647-18-9,水,腐蚀性烟气
2459,7647-19-0,潮湿空气,氟化氢烟雾
2460,7647-19-0,水,腐蚀性气体
2461,765-34-4,空气,爆炸性混合物
2462,766-09-6,空气,爆炸性混合物
2463,766-15-4,空气,爆炸性混合物
2464,7664-38-2,金属,氢气
2465,7664-38-2,空气,爆炸性混合物
2466,7664-38-2,受热,氧化磷烟气
2467,7664-41-7,空气,爆炸性混合物
2468,7664-41-7,空气,爆炸性混合物
2469,7681-49-4,酸类,氢氟酸
2470,7681-52-9,高热,腐蚀性烟气
2471,7681-52-9,酸,氯气
2472,7693-26-7,受热,热量
2473,7693-26-7,潮气,热量
2474,7693-26-7,酸类,热量
2475,7693-26-7,受热,氢气
2476,7693-26-7,潮气,氢气
2477,7693-26-7,酸类,氢气
2478,7693-26-7,燃烧,氧化钾烟雾
2479,7693-26-7,湿气,氢氧化物
2480,7693-26-7,水,氢氧化物
2481,7697-37-2,还原剂,棕色烟雾
2482,7697-37-2,可燃物,棕色烟雾
2483,7697-37-2,糖,棕色烟雾
2484,7697-37-2,纤维素,棕色烟雾
2485,7697-37-2,木屑,棕色烟雾
2486,7697-37-2,棉花,棕色烟雾
2487,7697-37-2,稻草,棕色烟雾
2488,7697-37-2,纱头,棕色烟雾
2489,77-47-4,高热,刺激性的烟雾
2490,77-73-6,空气,爆炸性混合物
2491,77-74-7,空气,爆炸性混合物
2492,77-75-8,空气,爆炸性混合物
2493,77-76-9,空气,爆炸性混合物
2494,77-76-9,空气,爆炸性混合物
2495,7704-34-9,氧化剂,爆炸性混合物
2496,7704-34-9,空气,爆炸性混合物
2497,7704-34-9,氧化剂,爆炸性混合物
2498,7704-98-5,空气,爆炸性混合物
2499,7704-98-5,受热,热量
2500,7704-98-5,潮气,热量
2501,7704-98-5,酸类,热量
2502,7704-98-5,受热,氢气
2503,7704-98-5,潮气,氢气
2504,7704-98-5,酸类,氢气
2505,7704-99-6,受热,热量
2506,7704-99-6,潮气,热量
2507,7704-99-6,酸类,热量
2508,7704-99-6,受热,氢气
2509,7704-99-6,潮气,氢气
2510,7704-99-6,酸类,氢气
2511,7705-07-9,高热,腐蚀性烟气
2512,7705-07-9,潮湿空气,热
2513,7705-07-9,潮湿空气,氯化氢气体
2514,7705-08-0,高热,腐蚀性烟气
2515,7718-98-1,水,氯化氢气体
2516,7719-09-7,水,二氧化硫
2517,7719-09-7,潮气,二氧化硫
2518,7719-09-7,水,氯化氢
2519,7719-09-7,潮气,氯化氢
2520,7719-09-7,水,有毒烟气
2521,7719-09-7,潮气,有毒烟气
2522,7719-09-7,受热,有毒物质
2523,7719-12-2,水,热
2524,7719-12-2,水,浓烟
2525,7721-01-9,水,腐蚀性的烟雾
2526,7722-84-1,可燃物,热量
2527,7722-84-1,可燃物,氧气
2528,7722-84-1,有机物,爆炸性混合物
2529,7722-84-1,糖,爆炸性混合物
2530,7722-84-1,淀粉,爆炸性混合物
2531,7722-84-1,醇类,爆炸性混合物
2532,7722-84-1,石油产品,爆炸性混合物
2533,7722-84-1,无机化合物,热量
2534,7722-84-1,杂质,热量
2535,7722-84-1,无机化合物,氧
2536,7722-84-1,杂质,氧
2537,7722-84-1,无机化合物,蒸气
2538,7722-84-1,杂质,蒸气
2539,7723-14-0,氧化剂,爆炸性混合物
2540,7723-14-0,氧化剂,敏感的化合物
2541,7723-14-0,氯酸盐,敏感的化合物
2542,7723-14-0,硝酸盐,敏感的化合物
2543,7723-14-0,高氯酸盐,敏感的化合物
2544,7723-14-0,高锰酸盐,敏感的化合物
2545,7723-14-0,燃烧,刺激性烟雾
2546,7727-15-3,高热,溴化物气体
2547,7727-15-3,钾,敏感的物质
2548,7727-15-3,钠,敏感的物质
2549,7727-15-3,撞击,敏感的物质
2550,7727-54-0,还原剂,爆炸性混合物
2551,7727-54-0,有机物,爆炸性混合物
2552,7727-54-0,易燃物,爆炸性混合物
2553,7727-54-0,硫,爆炸性混合物
2554,7727-54-0,磷,爆炸性混合物
2555,7727-54-0,金属粉末,爆炸性混合物
2556,7757-79-1,燃烧,氮氧化物气体
2557,7757-79-1,受热,氧气
2558,7758-01-2,铵盐,爆炸性混合物
2559,7758-01-2,金属粉末,爆炸性混合物
2560,7758-01-2,可燃物,爆炸性混合物
2561,7758-01-2,易氧化物,爆炸性混合物
2562,7758-05-6,还原剂,爆炸性混合物
2563,7758-05-6,有机物,爆炸性混合物
2564,7758-05-6,易燃物,爆炸性混合物
2565,7758-05-6,硫,爆炸性混合物
2566,7758-05-6,磷,爆炸性混合物
2567,7758-05-6,金属粉末,爆炸性混合物
2568,7758-05-6,可燃物,爆炸性混合物
2569,7758-09-0,有机物,氧化氮气体
2570,7758-09-0,可燃物,氧化氮气体
2571,7758-09-0,加热,氮氧化物气体
2572,7758-09-0,酸,氮氧化物气体
2573,7761-88-8,高热,氮氧化物
2574,7774-29-0,受热,碘化物烟气
2575,7775-09-9,还原剂,爆炸性混合物
2576,7775-09-9,有机物,爆炸性混合物
2577,7775-09-9,易燃物,爆炸性混合物
2578,7775-09-9,硫,爆炸性混合物
2579,7775-09-9,磷,爆炸性混合物
2580,7775-09-9,金属粉末,爆炸性混合物
2581,7775-14-6,水,热
2582,7775-14-6,酸类,热
2583,7775-14-6,有机物,热
2584,7775-14-6,氧化剂,热
2585,7775-14-6,水,二氧化硫
2586,7775-14-6,酸类,二氧化硫
2587,7775-14-6,有机物,二氧化硫
2588,7775-14-6,氧化剂,二氧化硫
2589,7778-39-4,高热,剧毒的蒸气
2590,7778-39-4,明火,剧毒的蒸气
2591,7778-39-4,金属,砷化氢
2592,7778-50-9,强酸,氧气
2593,7778-50-9,高温,氧气
2594,7778-50-9,还原剂,爆炸性混合物
2595,7778-50-9,有机物,爆炸性混合物
2596,7778-50-9,易燃物,爆炸性混合物
2597,7778-50-9,硫,爆炸性混合物
2598,7778-50-9,磷,爆炸性混合物
2599,7778-50-9,金属粉末,爆炸性混合物
2600,7778-54-3,水,氯气
2601,7778-54-3,水,氧气
2602,7778-54-3,受热,剧毒的氯气
2603,7778-54-3,酸,剧毒的氯气
2604,7778-54-3,日光,剧毒的氯气
2605,7778-74-7,还原剂,爆炸性混合物
2606,7778-74-7,有机物,爆炸性混合物
2607,7778-74-7,易燃物,爆炸性混合物
2608,7778-74-7,硫,爆炸性混合物
2609,7778-74-7,磷,爆炸性混合物
2610,7778-74-7,金属粉末,爆炸性混合物
2611,7778-74-7,受热,氧气
2612,7779-88-6,高热,氮氧化物
2613,7782-44-7,易燃物,爆炸性的混合物
2614,7782-44-7,乙炔,爆炸性的混合物
2615,7782-44-7,甲烷,爆炸性的混合物
2616,7782-50-5,易燃气体,爆炸性混合物
2617,7782-50-5,蒸气,爆炸性混合物
2618,7782-50-5,乙炔,爆炸性物质
2619,7782-50-5,松节油,爆炸性物质
2620,7782-50-5,乙醚,爆炸性物质
2621,7782-50-5,氨,爆炸性物质
2622,7782-50-5,燃料气,爆炸性物质
2623,7782-50-5,烃类,爆炸性物质
2624,7782-50-5,氢气,爆炸性物质
2625,7782-50-5,金属粉末,爆炸性物质
2626,7782-86-7,还原剂,爆炸性混合物
2627,7782-86-7,有机物,爆炸性混合物
2628,7782-86-7,易燃物,爆炸性混合物
2629,7782-86-7,硫,爆炸性混合物
2630,7782-86-7,磷,爆炸性混合物
2631,7782-86-7,金属粉末,爆炸性混合物
2632,7782-99-2,高热,硫化物烟气
2633,7783-06-4,空气,爆炸性混合物
2634,7783-06-4,空气,爆炸性混合物
2635,7783-07-5,空气,爆炸性混合物
2636,7783-33-7,高热,高毒烟气
2637,7783-35-9,高热,高毒烟气
2638,7783-41-7,受热,有毒的烟气
2639,7783-46-2,硫酸,氟化氢
2640,7783-55-3,水,有毒气体
2641,7783-55-3,高热,有毒气体
2642,7783-56-4,高热,剧毒的烟雾
2643,7783-56-4,酸,剧毒的烟雾
2644,7783-56-4,酸雾,剧毒的烟雾
2645,7783-60-0,水,剧毒的烟雾
2646,7783-60-0,水蒸气,剧毒的烟雾
2647,7783-60-0,酸,剧毒的烟雾
2648,7783-60-0,酸气,剧毒的烟雾
2649,7783-61-1,潮湿空气,氟化氢烟雾
2650,7783-61-1,水,硅酸
2651,7783-61-1,水,氟化氢
2652,7783-64-4,酸,氟化氢气体
2653,7783-64-4,高热,高毒烟气
2654,7783-66-6,水,腐蚀性烟雾
2655,7783-66-6,酸,有毒气体
2656,7783-66-6,酸气,有毒气体
2657,7783-70-2,水,氟化氢
2658,7783-80-4,水,腐蚀性气体
2659,7783-89-3,铵盐,爆炸性混合物
2660,7783-89-3,金属粉末,爆炸性混合物
2661,7783-89-3,可燃物,爆炸性混合物
2662,7783-89-3,易氧化物,爆炸性混合物
2663,7783-92-8,铵盐,爆炸性混合物
2664,7783-92-8,可燃物,爆炸性混合物
2665,7783-92-8,还原剂,爆炸性混合物
2666,7783-92-8,金属粉末,爆炸性混合物
2667,7783-93-9,还原剂,爆炸性混合物
2668,7783-93-9,有机物,爆炸性混合物
2669,7783-93-9,易燃物,爆炸性混合物
2670,7783-93-9,硫,爆炸性混合物
2671,7783-93-9,磷,爆炸性混合物
2672,7783-93-9,金属粉末,爆炸性混合物
2673,7783-97-3,还原剂,爆炸性混合物
2674,7783-97-3,有机物,爆炸性混合物
2675,7783-97-3,易燃物,爆炸性混合物
2676,7783-97-3,硫,爆炸性混合物
2677,7783-97-3,磷,爆炸性混合物
2678,7783-97-3,金属粉末,爆炸性混合物
2679,7783-97-3,受热,碘化物烟气
2680,7784-27-2,可燃物,混合物
2681,7784-27-2,高温,氮氧化物气体
2682,7784-33-0,水,有毒的气体
2683,7784-33-0,高热,有毒的气体
2684,7784-34-1,水,氯化氢气体
2685,7784-34-1,紫外线,氯化氢气体
2686,7784-35-2,水,剧毒的烟雾
2687,7784-35-2,水蒸气,剧毒的烟雾
2688,7784-35-2,酸,剧毒的烟雾
2689,7784-35-2,酸气,剧毒的烟雾
2690,7784-42-1,空气,爆炸性混合物
2691,7784-42-1,空气,爆炸性混合物
2692,7784-44-3,高热,高毒烟气
2693,7784-45-4,高热,剧毒的气体
2694,7784-45-4,钾,敏感的物质
2695,7784-45-4,钠,敏感的物质
2696,7784-45-4,撞击,敏感的物质
2697,7784-46-5,酸,三氧化二砷
2698,7786-81-4,高热,硫化物烟气
2699,7787-36-2,有机物,爆炸性混合物
2700,7787-36-2,铵盐,爆炸性混合物
2701,7787-62-4,水,氟化氢气体
2702,7787-62-4,酸,热
2703,7787-62-4,酸,臭氧
2704,7787-62-4,高热,氟化物烟气
2705,7787-71-5,水,氟化氢烟雾
2706,7787-71-5,高热,剧毒的烟雾
2707,7787-71-5,酸,剧毒的烟雾
2708,7787-71-5,酸雾,剧毒的烟雾
2709,7788-97-8,高热,刺激性烟气
2710,7789-09-5,还原剂,爆炸性混合物
2711,7789-09-5,有机物,爆炸性混合物
2712,7789-09-5,易燃物,爆炸性混合物
2713,7789-09-5,硫,爆炸性混合物
2714,7789-09-5,磷,爆炸性混合物
2715,7789-09-5,金属粉末,爆炸性混合物
2716,7789-18-6,还原剂,爆炸性混合物
2717,7789-18-6,有机物,爆炸性混合物
2718,7789-18-6,易燃物,爆炸性混合物
2719,7789-18-6,硫,爆炸性混合物
2720,7789-18-6,磷,爆炸性混合物
2721,7789-18-6,金属粉末,爆炸性混合物
2722,7789-19-7,酸,氟化氢气体
2723,7789-19-7,高热,高毒烟气
2724,7789-21-1,水,氟化氢烟雾
2725,7789-23-3,酸类,氢氟酸
2726,7789-24-4,酸,氟化氢气体
2727,7789-24-4,高热,高毒烟气
2728,7789-29-9,吸潮,腐蚀性烟雾
2729,7789-29-9,水,腐蚀性烟雾
2730,7789-29-9,高热,腐蚀性烟气
2731,7789-30-2,高热,高毒烟气
2732,7789-36-8,铵盐,爆炸性混合物
2733,7789-36-8,金属粉末,爆炸性混合物
2734,7789-36-8,可燃物,爆炸性混合物
2735,7789-36-8,易氧化物,爆炸性混合物
2736,7789-38-0,铵盐,爆炸性混合物
2737,7789-38-0,金属粉末,爆炸性混合物
2738,7789-38-0,可燃物,爆炸性混合物
2739,7789-38-0,易氧化物,爆炸性混合物
2740,7789-40-4,高热,溴化物烟气
2741,7789-47-1,高热,高毒烟气
2742,7789-58-4,受热,腐蚀性气体
2743,7789-59-5,水,腐蚀性气体
2744,7789-59-5,水蒸气,腐蚀性气体
2745,7789-61-9,受热,腐蚀性烟气
2746,7789-61-9,水,腐蚀性烟气
2747,7789-67-5,吸潮,腐蚀性烟雾
2748,7789-67-5,水,腐蚀性烟雾
2749,7789-69-7,受热,腐蚀性烟气
2750,7789-69-7,水,腐蚀性烟气
2751,7789-78-8,潮气,氢气
2752,7789-78-8,水,氢气
2753,7789-78-8,酸类,氢气
2754,7789-78-8,湿气,氢氧化物
2755,7789-78-8,水,氢氧化物
2756,7789-80-2,可燃物,爆炸性混合物
2757,7789-80-2,受热,碘化物烟气
2758,7790-21-8,还原剂,爆炸性混合物
2759,7790-21-8,有机物,爆炸性混合物
2760,7790-21-8,易燃物,爆炸性混合物
2761,7790-21-8,硫,爆炸性混合物
2762,7790-21-8,磷,爆炸性混合物
2763,7790-21-8,金属粉末,爆炸性混合物
2764,7790-28-5,还原剂,爆炸性混合物
2765,7790-28-5,有机物,爆炸性混合物
2766,7790-28-5,易燃物,爆炸性混合物
2767,7790-28-5,硫,爆炸性混合物
2768,7790-28-5,磷,爆炸性混合物
2769,7790-28-5,金属粉末,爆炸性混合物
2770,7790-30-9,受热,碘化物烟气
2771,7790-37-6,还原剂,爆炸性混合物
2772,7790-37-6,有机物,爆炸性混合物
2773,7790-37-6,易燃物,爆炸性混合物
2774,7790-37-6,硫,爆炸性混合物
2775,7790-37-6,磷,爆炸性混合物
2776,7790-37-6,金属粉末,爆炸性混合物
2777,7790-37-6,受热,碘化物烟气
2778,7790-47-8,高热,有毒的烟气
2779,7790-47-8,氰化物,氰化氢气体
2780,7790-69-4,燃烧,氮氧化物气体
2781,7790-69-4,高热,氮氧化物
2782,7790-79-6,酸,氟化氢气体
2783,7790-79-6,高热,高毒烟气
2784,7790-81-0,还原剂,爆炸性混合物
2785,7790-81-0,有机物,爆炸性混合物
2786,7790-81-0,易燃物,爆炸性混合物
2787,7790-81-0,硫,爆炸性混合物
2788,7790-81-0,磷,爆炸性混合物
2789,7790-81-0,金属粉末,爆炸性混合物
2790,7790-81-0,受热,碘化物烟气
2791,7790-91-2,水,氟化氢
2792,7790-91-2,水,氯气
2793,7790-94-5,水,热
2794,7790-94-5,水,浓烟
2795,7790-94-5,潮湿空气,氢气
2796,7790-98-9,还原剂,爆炸性混合物
2797,7790-98-9,有机物,爆炸性混合物
2798,7790-98-9,易燃物,爆炸性混合物
2799,7790-98-9,硫,爆炸性混合物
2800,7790-98-9,磷,爆炸性混合物
2801,7790-98-9,金属粉末,爆炸性混合物
2802,7790-99-0,水,腐蚀性气体
2803,7790-99-0,水蒸气,腐蚀性气体
2804,7790-99-0,高热,高毒烟气
2805,7791-03-9,还原剂,爆炸性混合物
2806,7791-03-9,有机物,爆炸性混合物
2807,7791-03-9,易燃物,爆炸性混合物
2808,7791-03-9,硫,爆炸性混合物
2809,7791-03-9,磷,爆炸性混合物
2810,7791-03-9,金属粉末,爆炸性混合物
2811,7791-03-9,受热,氧气
2812,7791-10-8,铵盐,爆炸性混合物
2813,7791-10-8,可燃物,爆炸性混合物
2814,7791-10-8,还原剂,爆炸性混合物
2815,7791-10-8,金属粉末,爆炸性混合物
2816,7791-12-0,高热,高毒烟气
2817,7791-23-3,水,氯化氢气体
2818,7791-25-5,水,氯化氢气体
2819,78-00-2,空气,爆炸性混合物
2820,78-00-2,加热,毒性气体
2821,78-07-9,空气,爆炸性混合物
2822,78-10-4,空气,爆炸性混合物
2823,78-10-4,水,刺激性气体
2824,78-62-6,空气,爆炸性混合物
2825,78-63-7,空气,爆炸性混合物
2826,78-67-1,氧化剂,爆炸性混合物
2827,78-67-1,燃烧,有毒烟气
2828,78-75-1,空气,爆炸性混合物
2829,78-75-1,空气,爆炸性混合物
2830,78-75-1,高热,溴化物气体
2831,78-77-3,空气,爆炸性混合物
2832,78-77-3,高热,溴化物气体
2833,78-78-4,空气,爆炸性混合物
2834,78-79-5,空气,爆炸性混合物
2835,78-80-8,空气,爆炸性混合物
2836,78-81-9,空气,爆炸性混合物
2837,78-81-9,空气,爆炸性混合物
2838,78-82-0,空气,爆炸性混合物
2839,78-82-0,空气,爆炸性混合物
2840,78-83-1,空气,爆炸性混合物
2841,78-83-1,空气,爆炸性混合物
2842,78-83-1,受热,有毒气体
2843,78-84-2,空气,爆炸性混合物
2844,78-85-3,空气,爆炸性混合物
2845,78-85-3,受热,有毒的烟气
2846,78-86-4,空气,爆炸性混合物
2847,78-86-4,空气,爆炸性混合物
2848,78-86-4,高热,腐蚀性烟气
2849,78-87-5,空气,爆炸性混合物
2850,78-87-5,高热,氯化物气体
2851,78-88-6,空气,爆炸性混合物
2852,78-90-0,空气,爆炸性混合物
2853,78-90-0,空气,爆炸性混合物
2854,78-90-0,受热,有毒烟气
2855,78-92-2,空气,爆炸性混合物
2856,78-92-2,空气,爆炸性混合物
2857,78-92-2,受热,有毒气体
2858,78-93-3,空气,爆炸性混合物
2859,78-93-3,空气,爆炸性混合物
2860,78-94-4,空气,爆炸性混合物
2861,78-95-5,受热,剧毒的光气
2862,7803-51-2,空气,爆炸性混合物
2863,7803-52-3,空气,爆炸性混合物
2864,7803-52-3,空气,爆炸性混合物
2865,7803-52-3,热,氢气
2866,7803-52-3,热,锑
2867,7803-62-5,空气,爆炸性混合物
2868,786-19-6,受热,氧化磷
2869,786-19-6,受热,氯化物
2870,786-19-6,受热,毒性气体
2871,79-00-5,空气,爆炸性混合物
2872,79-00-5,潮湿空气,氯化氢烟雾
2873,79-00-5,日光,氯化氢烟雾
2874,79-01-6,空气,爆炸性混合物
2875,79-01-6,紫外光,光气
2876,79-01-6,燃烧,光气
2877,79-01-6,加热,光气
2878,79-01-6,紫外光,盐酸烟雾
2879,79-01-6,燃烧,盐酸烟雾
2880,79-01-6,加热,盐酸烟雾
2881,79-03-8,空气,爆炸性混合物
2882,79-03-8,受热,剧毒的光气
2883,79-03-8,水,腐蚀性气体
2884,79-03-8,水蒸汽,腐蚀性气体
2885,79-04-9,受热,腐蚀性烟气
2886,79-04-9,水,腐蚀性烟气
2887,79-06-1,高热,腐蚀性烟气
2888,79-08-3,高热,溴化物气体
2889,79-09-4,空气,爆炸性混合物
2890,79-09-4,空气,爆炸性混合物
2891,79-10-7,空气,爆炸性混合物
2892,79-10-7,空气,爆炸性混合物
2893,79-11-8,高热,腐蚀性烟气
2894,79-20-9,空气,爆炸性混合物
2895,79-20-9,空气,爆炸性混合物
2896,79-22-1,空气,爆炸性混合物
2897,79-22-1,明火,有毒气体
2898,79-22-1,高热,有毒气体
2899,79-22-1,水,腐蚀性气体
2900,79-22-1,水蒸气,腐蚀性气体
2901,79-24-3,空气,爆炸性混合物
2902,79-24-3,空气,爆炸性混合物
2903,79-24-3,燃烧,氮氧化物气体
2904,79-27-6,高热,溴化物气体
2905,79-29-8,空气,爆炸性混合物
2906,79-30-1,空气,爆炸性混合物
2907,79-30-1,受热,剧毒的光气
2908,79-30-1,水,腐蚀性气体
2909,79-30-1,水蒸汽,腐蚀性气体
2910,79-31-2,空气,爆炸性混合物
2911,79-31-2,空气,爆炸性混合物
2912,79-34-5,氢氧化钾,易燃气体
2913,79-34-5,加热,易燃气体
2914,79-34-5,高热,腐蚀性烟气
2915,79-38-9,空气,爆炸性混合物
2916,79-41-4,空气,爆炸性混合物
2917,79-41-4,空气,爆炸性混合物
2918,79-43-6,空气,爆炸性混合物
2919,79-43-6,高热,腐蚀性烟气
2920,79-46-9,空气,爆炸性混合物
2921,79-46-9,空气,爆炸性混合物
2922,79-46-9,燃烧,氮氧化物气体
2923,79-92-5,空气,爆炸性混合物
2924,79-92-5,燃烧,烟雾
2925,80-10-4,酸,有毒的烟雾
2926,80-10-4,酸雾,有毒的烟雾
2927,80-17-1,燃烧,有毒烟气
2928,80-55-7,空气,爆炸性混合物
2929,80-56-8,空气,爆炸性混合物
2930,80-56-8,空气,爆炸性混合物
2931,80-62-6,空气,爆炸性混合物
2932,80-62-6,空气,爆炸性混合物
2933,8006-64-2,空气,爆炸性混合物
2934,8006-64-2,空气,爆炸性混合物
2935,8014-95-7,金属,氢气
2936,8014-95-7,空气,爆炸性混合物
2937,8017-16-1,受热,氧化磷烟气
2938,8030-30-6,空气,爆炸性混合物
2939,8030-30-6,空气,爆炸性混合物
2940,8032-32-4,空气,爆炸性混合物
2941,8032-32-4,空气,爆炸性混合物
2942,8032-32-4,燃烧,烟雾
2943,81-20-9,空气,爆炸性混合物
2944,81-84-5,氧化剂,爆炸性混合物
2945,814-49-3,燃烧,有毒气体
2946,814-78-8,空气,爆炸性混合物
2947,82-66-6,氧化剂,燃烧
2948,82-68-8,高热,氮氧化物
2949,82-68-8,高热,氯化物气体
2950,824-72-6,受热,腐蚀性烟气
2951,824-72-6,水,刺激性的气体
2952,824-72-6,潮湿空气,刺激性的气体
2953,83-32-9,受热,有毒的烟气
2954,83-41-0,空气,爆炸性混合物
2955,84-58-2,受热,有毒气体
2956,86-30-6,受热,有毒的烟气
2957,86-50-0,高热,氮
2958,86-50-0,高热,磷
2959,86-50-0,高热,硫
2960,86-50-0,高热,氧化物烟气
2961,86-57-7,氧化剂,爆炸性混合物
2962,86-57-7,空气,爆炸性混合物
2963,86-74-8,燃烧,有毒烟气
2964,865-44-1,高热,刺激性的烟雾
2965,865-44-1,吸潮,腐蚀性烟雾
2966,865-44-1,水,腐蚀性烟雾
2967,87-56-9,高热,刺激性的烟雾
2968,87-59-2,空气,爆炸性混合物
2969,87-59-2,空气,爆炸性混合物
2970,87-59-2,受热,有毒烟气
2971,87-61-6,受热,光气
2972,87-61-6,受热,氯化氢气体
2973,87-62-7,空气,爆炸性混合物
2974,87-62-7,空气,爆炸性混合物
2975,87-62-7,受热,氧化氮烟气
2976,87-65-0,受热,有毒气体
2977,87-68-3,高热,光气
2978,87-68-3,高热,氯化氢烟气
2979,87-86-5,高热,腐蚀性烟气
2980,87-90-1,氨,三氯化氮
2981,87-90-1,铵盐,三氯化氮
2982,87-90-1,尿素,三氯化氮
2983,87-90-1,含氮化合物,三氯化氮
2984,87-90-1,水,三氯化氮
2985,87-90-1,高热,腐蚀性烟气
2986,870-23-5,酸,有毒气体
2987,870-23-5,水,易燃气体
2988,872-05-9,空气,爆炸性混合物
2989,88-16-4,明火,毒气
2990,88-16-4,高热,毒气
2991,88-16-4,氧化剂,毒气
2992,88-69-7,热,酚烟雾
2993,88-72-2,空气,爆炸性混合物
2994,88-74-4,受热,有毒烟气
2995,88-75-5,受热,氧化氮烟气
2996,88-89-1,重金属粉末,金属盐
2997,88-95-9,高热,腐蚀性烟气
2998,89-32-7,潮湿空气,均苯四甲酸
2999,89-63-4,酸,有毒气体
3000,89-63-4,酸气,有毒气体
3001,89-63-4,受热,有毒的烟气
3002,89-75-8,水,氯化氢气体
3003,89-75-8,潮气,氯化氢气体
3004,89-87-2,空气,爆炸性混合物
3005,90-02-8,空气,爆炸性混合物
3006,90-02-8,高热,有毒气体
3007,90-02-8,明火,有毒气体
3008,90-03-9,高热,高毒烟气
3009,90-12-0,空气,爆炸性混合物
3010,90-12-0,燃烧,刺激性烟雾
3011,90-13-1,受热,有毒的烟气
3012,90-41-5,受热,有毒气体
3013,91-17-8,空气,爆炸性混合物
3014,91-20-3,燃烧,刺激性烟雾
3015,91-20-3,空气,爆炸性混合物
3016,91-22-5,空气,爆炸性混合物
3017,91-22-5,燃烧,有毒烟气
3018,91-23-6,空气,爆炸性混合物
3019,91-57-6,燃烧,刺激性烟雾
3020,91-57-6,空气,爆炸性混合物
3021,91-63-4,受热,有毒气体
3022,91-66-7,空气,爆炸性混合物
3023,91270-74-5,水,有毒和易燃的气体
3024,91270-74-5,水蒸气,有毒和易燃的气体
3025,91724-16-2,高热,高毒烟气
3026,92-67-1,受热,有毒气体
3027,92-87-5,受热,氧化氮烟气
3028,92-93-3,受热,有毒的烟气
3029,922-61-2,空气,爆炸性混合物
3030,926-57-8,空气,爆炸性混合物
3031,926-57-8,高热,氯化物气体
3032,926-64-7,空气,爆炸性混合物
3033,926-64-7,水,有毒烟雾
3034,926-64-7,水蒸气,有毒烟雾
3035,926-64-7,酸,有毒烟雾
3036,926-82-9,空气,爆炸性混合物
3037,927-07-1,空气,爆炸性混合物
3038,928-49-4,空气,爆炸性混合物
3039,928-49-4,空气,爆炸性混合物
3040,928-65-4,高热,腐蚀性烟气
3041,93-58-3,空气,爆炸性混合物
3042,930-28-9,空气,爆炸性混合物
3043,930-28-9,高热,氯化物气体
3044,931-87-3,空气,爆炸性混合物
3045,95-46-5,空气,爆炸性混合物
3046,95-46-5,高热,溴化物气体
3047,95-47-6,空气,爆炸性混合物
3048,95-47-6,空气,爆炸性混合物
3049,95-49-8,空气,爆炸性混合物
3050,95-49-8,加热,氯化氢气体
3051,95-49-8,水,氯化氢气体
3052,95-50-1,高热,腐蚀性烟气
3053,95-50-1,潮湿空气,热
3054,95-50-1,潮湿空气,氯化氢气体
3055,95-51-2,空气,爆炸性混合物
3056,95-51-2,高热,有毒气体
3057,95-52-3,空气,爆炸性混合物
3058,95-53-4,空气,爆炸性混合物
3059,95-54-5,燃烧,有毒烟气
3060,95-55-6,受热,氧化氮烟气
3061,95-56-7,空气,爆炸性混合物
3062,95-56-7,高热,溴化物气体
3063,95-57-8,空气,爆炸性混合物
3064,95-57-8,高热,腐蚀性烟气
3065,95-63-6,空气,爆炸性混合物
3066,95-68-1,空气,爆炸性混合物
3067,95-68-1,空气,爆炸性混合物
3068,95-68-1,受热,有毒烟气
3069,95-70-5,受热,有毒烟气
3070,95-73-8,空气,爆炸性混合物
3071,95-73-8,高热,腐蚀性烟气
3072,95-75-0,空气,爆炸性混合物
3073,95-75-0,高热,腐蚀性烟气
3074,95-76-1,高热,氮氧化物
3075,95-76-1,高热,氯化物气体
3076,95-78-3,空气,爆炸性混合物
3077,95-78-3,空气,爆炸性混合物
3078,95-78-3,受热,有毒烟气
3079,95-80-7,受热,有毒烟气
3080,95-82-9,高热,有毒气体
3081,95-92-1,空气,爆炸性混合物
3082,95-92-1,加热,有毒气体
3083,95-94-3,高热,氯化物气体
3084,96-10-6,燃烧,剧毒气体
3085,96-14-0,空气,爆炸性混合物
3086,96-14-0,空气,爆炸性混合物
3087,96-18-4,空气,爆炸性混合物
3088,96-18-4,燃烧,氯化物气体
3089,96-18-4,潮湿空气,氯化氢
3090,96-22-0,空气,爆炸性混合物
3091,96-22-0,空气,爆炸性混合物
3092,96-23-1,高热,剧毒的光气
3093,96-23-1,水,氯化氢
3094,96-24-2,空气,爆炸性混合物
3095,96-32-2,空气,爆炸性混合物
3096,96-32-2,受热,有毒烟气
3097,96-32-2,遇水,有毒烟气
3098,96-32-2,酸,有毒烟气
3099,96-33-3,空气,爆炸性混合物
3100,96-33-3,空气,爆炸性混合物
3101,96-34-4,空气,爆炸性混合物
3102,96-34-4,空气,爆炸性混合物
3103,96-34-4,受热,有毒的烟雾
3104,96-34-4,酸,有毒的烟雾
3105,96-34-4,酸雾,有毒的烟雾
3106,96-37-7,空气,爆炸性混合物
3107,96-41-3,空气,爆炸性混合物
3108,96-47-9,空气,爆炸性混合物
3109,96-80-0,空气,爆炸性混合物
3110,961-68-2,受热,氧化氮烟气
3111,97-02-9,受热,有毒的烟气
3112,97-62-1,空气,爆炸性混合物
3113,97-63-2,空气,爆炸性混合物
3114,97-63-2,空气,爆炸性混合物
3115,97-64-3,空气,爆炸性混合物
3116,97-64-3,强氧化剂,燃烧
3117,97-72-3,空气,爆炸性混合物
3118,97-72-3,空气,爆炸性混合物
3119,97-72-3,强氧化剂,燃烧
3120,97-85-8,空气,爆炸性混合物
3121,97-85-8,空气,爆炸性混合物
3122,97-86-9,空气,爆炸性混合物
3123,97-88-1,空气,爆炸性混合物
3124,97-93-8,水,烷烃气体
3125,97-94-9,水,易燃气体
3126,97-94-9,加热,有毒气体
3127,97-95-0,空气,爆炸性混合物
3128,97-95-0,受热,辛辣的烟气
3129,97-96-1,空气,爆炸性混合物
3130,97-97-2,空气,爆炸性混合物
3131,98-01-1,空气,爆炸性混合物
3132,98-02-2,明火,有毒气体
3133,98-02-2,高热,有毒气体
3134,98-02-2,氧化剂,有毒气体
3135,98-06-6,空气,爆炸性混合物
3136,98-08-8,空气,爆炸性混合物
3137,98-08-8,水,苯甲酸
3138,98-08-8,水,氢氟酸
3139,98-08-8,燃烧,氟化物气体
3140,98-09-9,水,苯磺酸
3141,98-09-9,水,盐酸
3142,98-12-4,燃烧,有毒烟气
3143,98-12-4,水,氯化氢烟雾
3144,98-12-4,水蒸气,氯化氢烟雾
3145,98-13-5,受热,腐蚀性烟气
3146,98-13-5,水,腐蚀性烟气
3147,98-15-7,水,有毒的气体
3148,98-15-7,高热,有毒的气体
3149,98-50-0,受热,砷
3150,98-50-0,受热,氧化氮烟雾
3151,98-50-0,高热,剧毒的烟雾
3152,98-50-0,酸,剧毒的烟雾
3153,98-50-0,酸雾,剧毒的烟雾
3154,98-54-4,高热,刺激性烟气
3155,98-56-6,空气,爆炸性混合物
3156,98-58-8,燃烧,有毒烟气
3157,98-58-8,水,腐蚀性的气体
3158,98-58-8,水蒸气,腐蚀性的气体
3159,98-59-9,空气,爆炸性混合物
3160,98-82-8,空气,爆炸性混合物
3161,98-82-8,空气,爆炸性混合物
3162,98-83-9,空气,爆炸性混合物
3163,98-87-3,高热,腐蚀性烟气
3164,98-88-4,水,腐蚀性气体
3165,98-88-4,水蒸气,腐蚀性气体
3166,98-94-2,空气,爆炸性混合物
3167,98-94-2,空气,爆炸性混合物
3168,98-95-3,空气,爆炸性混合物
3169,99-08-1,空气,爆炸性混合物
3170,99-09-2,受热,有毒烟气
3171,99-51-4,燃烧,刺激性烟雾
3172,99-52-5,燃烧,氮氧化物气体
3173,99-54-7,高热,氮氧化物
3174,99-54-7,高热,氯化物气体
3175,99-63-8,受热,高毒烟雾
3176,99-65-0,空气,爆炸性混合物
3177,99-65-0,氧化剂,爆炸性混合物
3178,99-73-0,高热,溴化物气体
3179,99-87-6,空气,爆炸性混合物
3180,99-89-8,热,酚烟雾
3181,990-73-8,燃烧,有毒气体
3182,993-00-0,空气,爆炸性混合物
3183,993-00-0,空气,爆炸性混合物
3184,993-00-0,水,腐蚀性气体
3185,993-00-0,水蒸气,腐蚀性气体
3186,999-97-3,空气,爆炸性混合物
